Wavelength,Intensity
179.4961287,1333.227656
179.71164,1458.15375
179.9271431,1400.810625
180.1426378,1486.825313
180.3581242,1476.585469
180.5736022,1449.961875
180.7890719,1372.139063
181.0045333,1423.338281
181.2199864,1449.961875
181.435431,1535.976563
181.6508674,1376.235
181.8662954,1462.249688
182.081715,1470.441563
182.2971263,1443.817969
182.5125293,1427.434219
182.7279238,1468.393594
182.94331,1466.345625
183.1586879,1413.098438
183.3740574,1458.15375
183.5894185,1478.633438
183.8047712,1447.913906
184.0201156,1507.305
184.2354516,1468.393594
184.4507792,1374.187031
184.6660984,1380.330938
184.8814092,1447.913906
185.0967117,1449.961875
185.3120057,1474.5375
185.5272914,1464.297656
185.7425687,1439.722031
185.9578375,1488.873281
186.173098,1427.434219
186.38835,1482.729375
186.6035937,1376.235
186.818829,1472.489531
187.0340558,1478.633438
187.2492742,1417.194375
187.4644842,1435.626094
187.6796858,1433.578125
187.894879,1437.674063
188.1100637,1441.77
188.32524,1454.057813
188.5404079,1521.640781
188.7555673,1409.0025
188.9707183,1402.858594
189.1858609,1411.050469
189.4009951,1380.330938
189.6161207,1478.633438
189.831238,1478.633438
190.0463468,1404.906563
190.2614471,1421.290313
190.476539,1454.057813
190.6916225,1404.906563
190.9066974,1468.393594
191.1217639,1437.674063
191.336822,1488.873281
191.5518716,1353.707344
191.7669127,1437.674063
191.9819453,1505.257031
192.1969695,1509.352969
192.4119852,1435.626094
192.6269924,1398.762656
192.8419911,1525.736719
193.0569814,1458.15375
193.2719631,1445.865938
193.4869364,1429.482188
193.7019012,1409.0025
193.9168575,1439.722031
194.1318052,1513.448906
194.3467445,1411.050469
194.5616753,1433.578125
194.7765976,1425.38625
194.9915113,1425.38625
195.2064166,1476.585469
195.4213133,1447.913906
195.6362015,1398.762656
195.8510812,1492.969219
196.0659524,1509.352969
196.2808151,1361.899219
196.4956692,1413.098438
196.7105148,1464.297656
196.9253519,1431.530156
197.1401804,1456.105781
197.3550004,1445.865938
197.5698118,1427.434219
197.7846147,1449.961875
197.9994091,1456.105781
198.2141949,1535.976563
198.4289722,1540.0725
198.6437409,1488.873281
198.8585011,1544.168438
199.0732527,1406.954531
199.2879957,1458.15375
199.5027302,1380.330938
199.7174561,1437.674063
199.9321734,1505.257031
200.1468822,1435.626094
200.3615824,1429.482188
200.576274,1415.146406
200.7909571,1431.530156
201.0056315,1415.146406
201.2202974,1429.482188
201.4349547,1417.194375
201.6496034,1492.969219
201.8642435,1423.338281
202.078875,1380.330938
202.2934979,1472.489531
202.5081122,1531.880625
202.722718,1435.626094
202.9373151,1452.009844
203.1519036,1429.482188
203.3664834,1531.880625
203.5810547,1427.434219
203.7956174,1413.098438
204.0101714,1478.633438
204.2247168,1415.146406
204.4392536,1382.378906
204.6537818,1495.017188
204.8683013,1427.434219
205.0828122,1449.961875
205.2973145,1429.482188
205.5118082,1488.873281
205.7262932,1529.832656
205.9407695,1480.681406
206.1552372,1447.913906
206.3696963,1400.810625
206.5841467,1462.249688
206.7985885,1470.441563
207.0130216,1413.098438
207.227446,1404.906563
207.4418618,1488.873281
207.6562689,1452.009844
207.8706674,1406.954531
208.0850572,1452.009844
208.2994383,1382.378906
208.5138108,1427.434219
208.7281745,1478.633438
208.9425296,1480.681406
209.156876,1384.426875
209.3712138,1445.865938
209.5855428,1484.777344
209.7998632,1413.098438
210.0141748,1564.648125
210.2284778,1476.585469
210.4427721,1384.426875
210.6570576,1458.15375
210.8713345,1404.906563
211.0856027,1406.954531
211.2998621,1470.441563
211.5141129,1474.5375
211.7283549,1425.38625
211.9425882,1417.194375
212.1568128,1458.15375
212.3710287,1472.489531
212.5852359,1433.578125
212.7994343,1476.585469
213.013624,1519.592813
213.227805,1433.578125
213.4419772,1572.84
213.6561407,1484.777344
213.8702955,1462.249688
214.0844415,1521.640781
214.2985788,1443.817969
214.5127073,1415.146406
214.7268271,1343.4675
214.9409381,1431.530156
215.1550404,1394.666719
215.3691339,1429.482188
215.5832187,1411.050469
215.7972947,1497.065156
216.0113619,1488.873281
216.2254204,1478.633438
216.4394701,1417.194375
216.653511,1478.633438
216.8675432,1472.489531
217.0815665,1427.434219
217.2955811,1480.681406
217.5095869,1435.626094
217.7235839,1406.954531
217.9375722,1482.729375
218.1515516,1462.249688
218.3655223,1398.762656
218.5794841,1423.338281
218.7934372,1460.201719
219.0073814,1480.681406
219.2213169,1452.009844
219.4352435,1443.817969
219.6491613,1425.38625
219.8630703,1460.201719
220.0769705,1529.832656
220.2908619,1437.674063
220.5047445,1454.057813
220.7186182,1433.578125
220.9324832,1425.38625
221.1463392,1398.762656
221.3601865,1499.113125
221.5740249,1413.098438
221.7878545,1511.400938
222.0016753,1441.77
222.2154872,1384.426875
222.4292903,1452.009844
222.6430845,1452.009844
222.8568699,1501.161094
223.0706464,1472.489531
223.2844141,1515.496875
223.4981729,1409.0025
223.7119228,1413.098438
223.9256639,1458.15375
224.1393961,1437.674063
224.3531195,1398.762656
224.566834,1497.065156
224.7805396,1523.68875
224.9942364,1529.832656
225.2079242,1460.201719
225.4216032,1470.441563
225.6352733,1439.722031
225.8489345,1468.393594
226.0625869,1507.305
226.2762303,1454.057813
226.4898649,1456.105781
226.7034905,1492.969219
226.9171073,1456.105781
227.1307151,1439.722031
227.3443141,1402.858594
227.5579041,1503.209063
227.7714852,1437.674063
227.9850575,1495.017188
228.1986208,1478.633438
228.4121752,1458.15375
228.6257206,1507.305
228.8392572,1441.77
229.0527848,1409.0025
229.2663035,1490.92125
229.4798133,1452.009844
229.6933141,1486.825313
229.906806,1427.434219
230.120289,1466.345625
230.333763,1431.530156
230.5472281,1435.626094
230.7606842,1478.633438
230.9741314,1425.38625
231.1875697,1519.592813
231.400999,1478.633438
231.6144193,1417.194375
231.8278307,1519.592813
232.0412331,1425.38625
232.2546265,1431.530156
232.468011,1492.969219
232.6813865,1472.489531
232.894753,1452.009844
233.1081106,1454.057813
233.3214592,1439.722031
233.5347988,1474.5375
233.7481294,1509.352969
233.9614511,1384.426875
234.1747637,1470.441563
234.3880674,1415.146406
234.6013621,1521.640781
234.8146477,1462.249688
235.0279244,1490.92125
235.2411921,1478.633438
235.4544508,1441.77
235.6677005,1462.249688
235.8809411,1419.242344
236.0941728,1466.345625
236.3073954,1439.722031
236.520609,1472.489531
236.7338136,1462.249688
236.9470092,1503.209063
237.1601958,1398.762656
237.3733733,1419.242344
237.5865418,1499.113125
237.7997013,1439.722031
238.0128517,1419.242344
238.2259931,1460.201719
238.4391255,1447.913906
238.6522488,1447.913906
238.8653631,1488.873281
239.0784683,1411.050469
239.2915645,1402.858594
239.5046516,1468.393594
239.7177297,1519.592813
239.9307987,1390.570781
240.1438586,1466.345625
240.3569095,1439.722031
240.5699513,1449.961875
240.7829841,1497.065156
240.9960078,1314.795938
241.2090224,1429.482188
241.4220279,1478.633438
241.6350243,1507.305
241.8480117,1476.585469
242.06099,1435.626094
242.2739592,1452.009844
242.4869193,1458.15375
242.6998703,1435.626094
242.9128123,1511.400938
243.1257451,1380.330938
243.3386688,1460.201719
243.5515834,1507.305
243.764489,1454.057813
243.9773854,1409.0025
244.1902727,1429.482188
244.4031509,1464.297656
244.6160199,1490.92125
244.8288799,1429.482188
245.0417307,1368.043125
245.2545724,1402.858594
245.467405,1523.68875
245.6802285,1527.784688
245.8930428,1413.098438
246.105848,1437.674063
246.3186441,1411.050469
246.531431,1368.043125
246.7442088,1417.194375
246.9569774,1423.338281
247.1697369,1470.441563
247.3824872,1419.242344
247.5952284,1417.194375
247.8079604,1413.098438
248.0206833,1507.305
248.233397,1495.017188
248.4461016,1421.290313
248.6587969,1478.633438
248.8714832,1394.666719
249.0841602,1372.139063
249.2968281,1515.496875
249.5094868,1464.297656
249.7221363,1501.161094
249.9347766,1456.105781
250.1474078,1474.5375
250.3600298,1462.249688
250.5726425,1421.290313
250.7852461,1476.585469
250.9978405,1527.784688
251.2104257,1472.489531
251.4230017,1396.714688
251.6355685,1462.249688
251.8481261,1495.017188
252.0606745,1402.858594
252.2732137,1482.729375
252.4857436,1447.913906
252.6982644,1490.92125
252.9107759,1490.92125
253.1232782,1433.578125
253.3357713,1431.530156
253.5482552,1425.38625
253.7607298,1425.38625
253.9731952,1456.105781
254.1856514,1417.194375
254.3980983,1445.865938
254.610536,1447.913906
254.8229645,1417.194375
255.0353837,1388.522813
255.2477937,1452.009844
255.4601944,1460.201719
255.6725858,1445.865938
255.8849681,1482.729375
256.097341,1419.242344
256.3097047,1404.906563
256.5220591,1503.209063
256.7344043,1449.961875
256.9467402,1447.913906
257.1590669,1396.714688
257.3713842,1441.77
257.5836923,1509.352969
257.7959911,1505.257031
258.0082806,1472.489531
258.2205609,1484.777344
258.4328318,1447.913906
258.6450935,1462.249688
258.8573459,1447.913906
259.069589,1531.880625
259.2818228,1404.906563
259.4940473,1476.585469
259.7062625,1472.489531
259.9184683,1482.729375
260.1306649,1347.563438
260.3428522,1472.489531
260.5550302,1472.489531
260.7671988,1439.722031
260.9793581,1478.633438
261.1915082,1456.105781
261.4036488,1464.297656
261.6157802,1374.187031
261.8279022,1423.338281
262.0400149,1525.736719
262.2521183,1398.762656
262.4642124,1472.489531
262.6762971,1462.249688
262.8883724,1468.393594
263.1004384,1480.681406
263.3124951,1458.15375
263.5245424,1394.666719
263.7365804,1466.345625
263.948609,1454.057813
264.1606283,1431.530156
264.3726382,1421.290313
264.5846387,1488.873281
264.7966299,1427.434219
265.0086117,1423.338281
265.2205842,1454.057813
265.4325472,1505.257031
265.6445009,1462.249688
265.8564453,1499.113125
266.0683802,1466.345625
266.2803058,1495.017188
266.4922219,1429.482188
266.7041287,1458.15375
266.9160261,1478.633438
267.1279141,1492.969219
267.3397927,1439.722031
267.5516619,1480.681406
267.7635217,1468.393594
267.9753721,1452.009844
268.1872131,1431.530156
268.3990447,1449.961875
268.6108669,1372.139063
268.8226797,1472.489531
269.034483,1427.434219
269.246277,1499.113125
269.4580615,1415.146406
269.6698366,1445.865938
269.8816022,1443.817969
270.0933585,1503.209063
270.3051053,1468.393594
270.5168426,1423.338281
270.7285705,1452.009844
270.940289,1449.961875
271.1519981,1466.345625
271.3636977,1404.906563
271.5753878,1513.448906
271.7870685,1456.105781
271.9987398,1507.305
272.2104016,1499.113125
272.4220539,1499.113125
272.6336968,1417.194375
272.8453302,1402.858594
273.0569541,1437.674063
273.2685686,1415.146406
273.4801736,1492.969219
273.6917691,1482.729375
273.9033552,1497.065156
274.1149318,1458.15375
274.3264989,1454.057813
274.5380565,1435.626094
274.7496046,1460.201719
274.9611432,1425.38625
275.1726724,1347.563438
275.384192,1484.777344
275.5957022,1443.817969
275.8072028,1468.393594
276.018694,1425.38625
276.2301756,1470.441563
276.4416477,1411.050469
276.6531104,1509.352969
276.8645635,1482.729375
277.0760071,1443.817969
277.2874411,1435.626094
277.4988657,1554.408281
277.7102807,1445.865938
277.9216862,1388.522813
278.1330822,1368.043125
278.3444687,1386.474844
278.5558456,1458.15375
278.7672129,1382.378906
278.9785708,1402.858594
279.1899191,1439.722031
279.4012578,1484.777344
279.612587,1439.722031
279.8239067,1458.15375
280.0352168,1460.201719
280.2465173,1533.928594
280.4578083,1427.434219
280.6690897,1402.858594
280.8803616,1390.570781
281.0916239,1435.626094
281.3028766,1394.666719
281.5141198,1431.530156
281.7253534,1415.146406
281.9365774,1486.825313
282.1477918,1456.105781
282.3589967,1439.722031
282.5701919,1419.242344
282.7813776,1447.913906
282.9925537,1456.105781
283.2037202,1458.15375
283.4148771,1468.393594
283.6260244,1478.633438
283.8371621,1454.057813
284.0482903,1427.434219
284.2594088,1447.913906
284.4705177,1499.113125
284.6816169,1447.913906
284.8927066,1396.714688
285.1037867,1480.681406
285.3148571,1419.242344
285.5259179,1439.722031
285.7369691,1464.297656
285.9480107,1435.626094
286.1590427,1458.15375
286.370065,1474.5375
286.5810777,1413.098438
286.7920807,1482.729375
287.0030741,1470.441563
287.2140579,1470.441563
287.425032,1472.489531
287.6359965,1470.441563
287.8469513,1449.961875
288.0578965,1476.585469
288.268832,1435.626094
288.4797579,1431.530156
288.6906741,1468.393594
288.9015806,1413.098438
289.1124775,1472.489531
289.3233647,1454.057813
289.5342422,1423.338281
289.7451101,1427.434219
289.9559683,1454.057813
290.1668168,1443.817969
290.3776556,1474.5375
290.5884848,1454.057813
290.7993042,1478.633438
291.010114,1470.441563
291.2209141,1488.873281
291.4317045,1392.61875
291.6424852,1456.105781
291.8532562,1499.113125
292.0640175,1439.722031
292.2747691,1490.92125
292.485511,1480.681406
292.6962431,1480.681406
292.9069656,1470.441563
293.1176784,1472.489531
293.3283814,1409.0025
293.5390747,1482.729375
293.7497583,1443.817969
293.9604321,1486.825313
294.1710963,1476.585469
294.3817507,1372.139063
294.5923954,1429.482188
294.8030303,1468.393594
295.0136555,1419.242344
295.224271,1429.482188
295.4348767,1456.105781
295.6454727,1470.441563
295.8560589,1480.681406
296.0666353,1396.714688
296.2772021,1425.38625
296.487759,1435.626094
296.6983062,1409.0025
296.9088437,1495.017188
297.1193713,1425.38625
297.3298893,1447.913906
297.5403974,1447.913906
297.7508958,1519.592813
297.9613844,1454.057813
298.1718632,1458.15375
298.3823322,1421.290313
298.5927915,1456.105781
298.8032409,1435.626094
299.0136806,1423.338281
299.2241105,1540.0725
299.4345306,1454.057813
299.6449409,1466.345625
299.8553414,1443.817969
300.0657321,1529.832656
300.276113,1427.434219
300.4864841,1417.194375
300.6968454,1454.057813
300.9071969,1447.913906
301.1175385,1449.961875
301.3278704,1423.338281
301.5381924,1525.736719
301.7485046,1484.777344
301.958807,1507.305
302.1690995,1519.592813
302.3793823,1474.5375
302.5896551,1458.15375
302.7999182,1429.482188
303.0101714,1497.065156
303.2204148,1492.969219
303.4306483,1497.065156
303.640872,1464.297656
303.8510859,1552.360313
304.0612899,1402.858594
304.271484,1507.305
304.4816683,1452.009844
304.6918427,1398.762656
304.9020073,1480.681406
305.112162,1478.633438
305.3223068,1415.146406
305.5324418,1474.5375
305.7425668,1517.544844
305.9526821,1460.201719
306.1627874,1363.947188
306.3728829,1470.441563
306.5829685,1427.434219
306.7930441,1470.441563
307.00311,1449.961875
307.2131659,1521.640781
307.4232119,1406.954531
307.633248,1476.585469
307.8432743,1439.722031
308.0532906,1480.681406
308.263297,1503.209063
308.4732936,1431.530156
308.6832802,1454.057813
308.8932569,1521.640781
309.1032237,1478.633438
309.3131806,1423.338281
309.5231275,1480.681406
309.7330646,1421.290313
309.9429917,1476.585469
310.1529089,1447.913906
310.3628161,1396.714688
310.5727135,1503.209063
310.7826008,1402.858594
310.9924783,1503.209063
311.2023458,1523.68875
311.4122034,1417.194375
311.622051,1429.482188
311.8318887,1447.913906
312.0417164,1529.832656
312.2515342,1509.352969
312.461342,1484.777344
312.6711399,1472.489531
312.8809278,1431.530156
313.0907058,1454.057813
313.3004737,1495.017188
313.5102318,1419.242344
313.7199798,1460.201719
313.9297179,1462.249688
314.139446,1456.105781
314.3491641,1423.338281
314.5588722,1449.961875
314.7685703,1486.825313
314.9782585,1492.969219
315.1879367,1581.031875
315.3976049,1443.817969
315.607263,1476.585469
315.8169112,1470.441563
316.0265494,1433.578125
316.2361776,1490.92125
316.4457958,1413.098438
316.655404,1449.961875
316.8650021,1441.77
317.0745903,1425.38625
317.2841684,1466.345625
317.4937365,1411.050469
317.7032946,1423.338281
317.9128427,1515.496875
318.1223807,1464.297656
318.3319088,1413.098438
318.5414267,1468.393594
318.7509347,1507.305
318.9604326,1398.762656
319.1699205,1429.482188
319.3793983,1492.969219
319.5888661,1388.522813
319.7983239,1402.858594
320.0077716,1470.441563
320.2172092,1386.474844
320.4266368,1456.105781
320.6360544,1433.578125
320.8454618,1433.578125
321.0548592,1392.61875
321.2642466,1439.722031
321.4736239,1417.194375
321.6829911,1462.249688
321.8923482,1501.161094
322.1016953,1398.762656
322.3110323,1452.009844
322.5203592,1454.057813
322.729676,1435.626094
322.9389827,1499.113125
323.1482794,1425.38625
323.3575659,1443.817969
323.5668424,1503.209063
323.7761087,1452.009844
323.985365,1480.681406
324.1946112,1417.194375
324.4038472,1476.585469
324.6130732,1435.626094
324.822289,1466.345625
325.0314947,1429.482188
325.2406904,1429.482188
325.4498759,1392.61875
325.6590512,1417.194375
325.8682165,1452.009844
326.0773716,1488.873281
326.2865166,1505.257031
326.4956515,1447.913906
326.7047762,1452.009844
326.9138908,1462.249688
327.1229953,1456.105781
327.3320896,1492.969219
327.5411738,1390.570781
327.7502478,1515.496875
327.9593117,1486.825313
328.1683655,1447.913906
328.377409,1439.722031
328.5864425,1501.161094
328.7954657,1529.832656
329.0044788,1421.290313
329.2134818,1513.448906
329.4224746,1497.065156
329.6314572,1478.633438
329.8404296,1466.345625
330.0493918,1464.297656
330.2583439,1513.448906
330.4672858,1484.777344
330.6762175,1505.257031
330.8851391,1468.393594
331.0940504,1462.249688
331.3029515,1501.161094
331.5118425,1413.098438
331.7207233,1474.5375
331.9295938,1447.913906
332.1384542,1445.865938
332.3473044,1425.38625
332.5561443,1476.585469
332.764974,1472.489531
332.9737936,1441.77
333.1826029,1458.15375
333.391402,1435.626094
333.6001909,1419.242344
333.8089695,1454.057813
334.017738,1515.496875
334.2264962,1492.969219
334.4352442,1404.906563
334.6439819,1472.489531
334.8527094,1486.825313
335.0614267,1505.257031
335.2701337,1507.305
335.4788305,1458.15375
335.6875171,1423.338281
335.8961934,1449.961875
336.1048594,1505.257031
336.3135152,1400.810625
336.5221607,1409.0025
336.730796,1492.969219
336.939421,1429.482188
337.1480358,1460.201719
337.3566403,1529.832656
337.5652345,1400.810625
337.7738184,1490.92125
337.9823921,1439.722031
338.1909555,1409.0025
338.3995086,1449.961875
338.6080514,1515.496875
338.816584,1427.434219
339.0251062,1425.38625
339.2336182,1370.091094
339.4421199,1413.098438
339.6506113,1523.68875
339.8590924,1462.249688
340.0675631,1429.482188
340.2760236,1447.913906
340.4844738,1476.585469
340.6929137,1456.105781
340.9013432,1513.448906
341.1097625,1433.578125
341.3181714,1449.961875
341.52657,1419.242344
341.7349583,1382.378906
341.9433363,1452.009844
342.1517039,1548.264375
342.3600612,1439.722031
342.5684082,1429.482188
342.7767448,1449.961875
342.9850711,1476.585469
343.1933871,1513.448906
343.4016927,1499.113125
343.609988,1454.057813
343.8182729,1562.600156
344.0265475,1470.441563
344.2348117,1402.858594
344.4430656,1480.681406
344.6513091,1400.810625
344.8595422,1411.050469
345.067765,1456.105781
345.2759775,1478.633438
345.4841795,1417.194375
345.6923712,1462.249688
345.9005525,1454.057813
346.1087234,1523.68875
346.316884,1441.77
346.5250342,1458.15375
346.733174,1497.065156
346.9413034,1417.194375
347.1494224,1488.873281
347.357531,1486.825313
347.5656292,1447.913906
347.773717,1421.290313
347.9817945,1400.810625
348.1898615,1447.913906
348.3979181,1421.290313
348.6059643,1480.681406
348.8140001,1466.345625
349.0220255,1423.338281
349.2300405,1486.825313
349.4380451,1431.530156
349.6460392,1560.552188
349.8540229,1427.434219
350.0619962,1521.640781
350.2699591,1429.482188
350.4779115,1396.714688
350.6858535,1474.5375
350.893785,1441.77
351.1017062,1417.194375
351.3096168,1492.969219
351.5175171,1435.626094
351.7254068,1517.544844
351.9332862,1464.297656
352.1411551,1435.626094
352.3490135,1456.105781
352.5568615,1456.105781
352.764699,1452.009844
352.972526,1482.729375
353.1803426,1466.345625
353.3881487,1437.674063
353.5959444,1376.235
353.8037295,1505.257031
354.0115042,1421.290313
354.2192684,1456.105781
354.4270222,1495.017188
354.6347654,1456.105781
354.8424982,1445.865938
355.0502205,1449.961875
355.2579323,1437.674063
355.4656336,1527.784688
355.6733244,1499.113125
355.8810047,1554.408281
356.0886745,1462.249688
356.2963337,1488.873281
356.5039825,1458.15375
356.7116208,1406.954531
356.9192486,1396.714688
357.1268658,1406.954531
357.3344725,1431.530156
357.5420687,1394.666719
357.7496544,1445.865938
357.9572296,1501.161094
358.1647942,1499.113125
358.3723483,1464.297656
358.5798919,1409.0025
358.7874249,1464.297656
358.9949474,1466.345625
359.2024594,1470.441563
359.4099608,1470.441563
359.6174516,1374.187031
359.824932,1361.899219
360.0324017,1484.777344
360.2398609,1435.626094
360.4473096,1443.817969
360.6547477,1486.825313
360.8621752,1386.474844
361.0695922,1433.578125
361.2769986,1466.345625
361.4843944,1452.009844
361.6917796,1460.201719
361.8991543,1447.913906
362.1065184,1529.832656
362.313872,1556.45625
362.5212149,1484.777344
362.7285472,1388.522813
362.935869,1394.666719
363.1431802,1445.865938
363.3504808,1409.0025
363.5577708,1404.906563
363.7650501,1460.201719
363.9723189,1529.832656
364.1795771,1372.139063
364.3868247,1445.865938
364.5940616,1488.873281
364.801288,1462.249688
365.0085037,1472.489531
365.2157089,1507.305
365.4229034,1468.393594
365.6300872,1445.865938
365.8372605,1423.338281
366.0444231,1413.098438
366.2515751,1363.947188
366.4587165,1421.290313
366.6658472,1474.5375
366.8729673,1482.729375
367.0800768,1419.242344
367.2871756,1456.105781
367.4942637,1490.92125
367.7013413,1406.954531
367.9084081,1419.242344
368.1154643,1460.201719
368.3225099,1441.77
368.5295448,1454.057813
368.736569,1406.954531
368.9435826,1427.434219
369.1505855,1413.098438
369.3575777,1462.249688
369.5645593,1449.961875
369.7715302,1447.913906
369.9784904,1452.009844
370.1854399,1447.913906
370.3923788,1421.290313
370.5993069,1423.338281
370.8062244,1415.146406
371.0131312,1538.024531
371.2200273,1527.784688
371.4269127,1466.345625
371.6337874,1466.345625
371.8406514,1470.441563
372.0475047,1521.640781
372.2543473,1519.592813
372.4611792,1394.666719
372.6680003,1447.913906
372.8748108,1396.714688
373.0816105,1411.050469
373.2883995,1454.057813
373.4951778,1523.68875
373.7019454,1472.489531
373.9087023,1515.496875
374.1154484,1421.290313
374.3221838,1439.722031
374.5289084,1480.681406
374.7356223,1409.0025
374.9423255,1466.345625
375.1490179,1396.714688
375.3556996,1429.482188
375.5623706,1423.338281
375.7690308,1355.755313
375.9756802,1466.345625
376.1823189,1429.482188
376.3889468,1439.722031
376.595564,1454.057813
376.8021704,1542.120469
377.008766,1398.762656
377.2153508,1492.969219
377.4219249,1445.865938
377.6284883,1472.489531
377.8350408,1437.674063
378.0415826,1435.626094
378.2481135,1443.817969
378.4546337,1363.947188
378.6611431,1386.474844
378.8676418,1435.626094
379.0741296,1460.201719
379.2806066,1413.098438
379.4870729,1415.146406
379.6935283,1480.681406
379.8999729,1439.722031
380.1064068,1419.242344
380.3128298,1423.338281
380.519242,1404.906563
380.7256434,1546.216406
380.932034,1476.585469
381.1384137,1441.77
381.3447827,1468.393594
381.5511408,1396.714688
381.7574881,1517.544844
381.9638245,1449.961875
382.1701502,1445.865938
382.3764649,1499.113125
382.5827689,1525.736719
382.789062,1462.249688
382.9953443,1499.113125
383.2016157,1486.825313
383.4078763,1365.995156
383.6141261,1486.825313
383.8203649,1486.825313
384.026593,1433.578125
384.2328101,1484.777344
384.4390165,1527.784688
384.6452119,1452.009844
384.8513965,1507.305
385.0575702,1503.209063
385.263733,1503.209063
385.469885,1437.674063
385.6760261,1484.777344
385.8821563,1349.611406
386.0882757,1468.393594
386.2943841,1447.913906
386.5004817,1525.736719
386.7065684,1499.113125
386.9126441,1423.338281
387.118709,1468.393594
387.324763,1515.496875
387.5308061,1466.345625
387.7368383,1425.38625
387.9428596,1462.249688
388.14887,1462.249688
388.3548694,1468.393594
388.560858,1382.378906
388.7668356,1429.482188
388.9728024,1437.674063
389.1787582,1427.434219
389.384703,1505.257031
389.590637,1435.626094
389.79656,1505.257031
390.0024721,1415.146406
390.2083733,1441.77
390.4142635,1480.681406
390.6201428,1490.92125
390.8260111,1521.640781
391.0318685,1472.489531
391.237715,1458.15375
391.4435505,1490.92125
391.6493751,1447.913906
391.8551887,1478.633438
392.0609913,1462.249688
392.266783,1447.913906
392.4725637,1449.961875
392.6783335,1380.330938
392.8840923,1470.441563
393.0898401,1474.5375
393.2955769,1439.722031
393.5013028,1445.865938
393.7070177,1458.15375
393.9127216,1466.345625
394.1184145,1495.017188
394.3240965,1398.762656
394.5297674,1429.482188
394.7354274,1378.282969
394.9410764,1456.105781
395.1467143,1542.120469
395.3523413,1443.817969
395.5579573,1374.187031
395.7635622,1427.434219
395.9691562,1435.626094
396.1747392,1431.530156
396.3803111,1404.906563
396.585872,1406.954531
396.7914219,1398.762656
396.9969608,1441.77
397.2024887,1470.441563
397.4080055,1474.5375
397.6135113,1486.825313
397.8190061,1492.969219
398.0244899,1411.050469
398.2299626,1437.674063
398.4354243,1480.681406
398.6408749,1411.050469
398.8463145,1419.242344
399.0517431,1464.297656
399.2571606,1433.578125
399.462567,1456.105781
399.6679624,1439.722031
399.8733467,1462.249688
400.07872,1454.057813
400.2840822,1452.009844
400.4894334,1495.017188
400.6947735,1454.057813
400.9001025,1519.592813
401.1054204,1423.338281
401.3107273,1423.338281
401.5160231,1443.817969
401.7213078,1425.38625
401.9265814,1445.865938
402.131844,1515.496875
402.3370954,1433.578125
402.5423358,1466.345625
402.7475651,1488.873281
402.9527832,1437.674063
403.1579903,1419.242344
403.3631863,1415.146406
403.5683712,1447.913906
403.7735449,1437.674063
403.9787076,1472.489531
404.1838591,1449.961875
404.3889996,1495.017188
404.5941289,1454.057813
404.7992471,1505.257031
405.0043542,1519.592813
405.2094501,1447.913906
405.4145349,1443.817969
405.6196086,1472.489531
405.8246712,1484.777344
406.0297226,1503.209063
406.2347629,1437.674063
406.4397921,1515.496875
406.6448101,1503.209063
406.8498169,1452.009844
407.0548127,1429.482188
407.2597972,1468.393594
407.4647706,1462.249688
407.6697329,1507.305
407.874684,1452.009844
408.0796239,1466.345625
408.2845527,1474.5375
408.4894703,1482.729375
408.6943767,1478.633438
408.899272,1419.242344
409.1041561,1490.92125
409.309029,1433.578125
409.5138907,1499.113125
409.7187413,1368.043125
409.9235806,1488.873281
410.1284088,1540.0725
410.3332258,1474.5375
410.5380316,1431.530156
410.7428262,1535.976563
410.9476096,1400.810625
411.1523818,1490.92125
411.3571428,1347.563438
411.5618926,1396.714688
411.7666312,1376.235
411.9713586,1433.578125
412.1760748,1423.338281
412.3807797,1411.050469
412.5854734,1411.050469
412.7901559,1490.92125
412.9948272,1454.057813
413.1994873,1452.009844
413.4041361,1466.345625
413.6087737,1462.249688
413.8134001,1376.235
414.0180152,1425.38625
414.2226191,1507.305
414.4272117,1470.441563
414.6317931,1482.729375
414.8363633,1460.201719
415.0409222,1474.5375
415.2454698,1531.880625
415.4500062,1439.722031
415.6545314,1458.15375
415.8590452,1505.257031
416.0635478,1415.146406
416.2680392,1413.098438
416.4725193,1404.906563
416.6769881,1384.426875
416.8814456,1468.393594
417.0858919,1452.009844
417.2903269,1507.305
417.4947505,1419.242344
417.699163,1443.817969
417.9035641,1365.995156
418.1079539,1452.009844
418.3123325,1447.913906
418.5166997,1478.633438
418.7210557,1374.187031
418.9254003,1472.489531
419.1297337,1466.345625
419.3340557,1490.92125
419.5383665,1435.626094
419.7426659,1454.057813
419.946954,1423.338281
420.1512308,1513.448906
420.3554963,1464.297656
420.5597505,1447.913906
420.7639933,1425.38625
420.9682248,1447.913906
421.172445,1439.722031
421.3766539,1564.648125
421.5808514,1482.729375
421.7850376,1466.345625
421.9892124,1462.249688
422.1933759,1404.906563
422.3975281,1413.098438
422.6016689,1398.762656
422.8057983,1476.585469
423.0099165,1472.489531
423.2140232,1439.722031
423.4181186,1490.92125
423.6222027,1452.009844
423.8262753,1460.201719
424.0303366,1441.77
424.2343866,1447.913906
424.4384252,1466.345625
424.6424524,1472.489531
424.8464682,1449.961875
425.0504726,1419.242344
425.2544657,1486.825313
425.4584474,1480.681406
425.6624177,1406.954531
425.8663766,1400.810625
426.0703241,1484.777344
426.2742602,1488.873281
426.4781849,1427.434219
426.6820983,1482.729375
426.8860002,1466.345625
427.0898907,1429.482188
427.2937698,1443.817969
427.4976375,1398.762656
427.7014938,1529.832656
427.9053387,1419.242344
428.1091722,1458.15375
428.3129942,1515.496875
428.5168048,1337.323594
428.720604,1404.906563
428.9243918,1421.290313
429.1281681,1419.242344
429.331933,1482.729375
429.5356865,1419.242344
429.7394285,1513.448906
429.9431591,1488.873281
430.1468782,1458.15375
430.3505859,1443.817969
430.5542822,1433.578125
430.757967,1462.249688
430.9616403,1382.378906
431.1653022,1460.201719
431.3689526,1425.38625
431.5725916,1411.050469
431.7762191,1394.666719
431.9798351,1460.201719
432.1834397,1425.38625
432.3870328,1419.242344
432.5906144,1486.825313
432.7941845,1411.050469
432.9977432,1464.297656
433.2012904,1587.175781
433.404826,1452.009844
433.6083502,1474.5375
433.8118629,1478.633438
434.0153642,1458.15375
434.2188539,1464.297656
434.4223321,1456.105781
434.6257988,1474.5375
434.829254,1533.928594
435.0326978,1384.426875
435.23613,1458.15375
435.4395506,1488.873281
435.6429598,1429.482188
435.8463575,1421.290313
436.0497436,1488.873281
436.2531182,1478.633438
436.4564813,1501.161094
436.6598329,1421.290313
436.8631729,1456.105781
437.0665014,1449.961875
437.2698184,1456.105781
437.4731238,1458.15375
437.6764177,1437.674063
437.8797001,1486.825313
438.0829709,1445.865938
438.2862301,1421.290313
438.4894778,1445.865938
438.692714,1413.098438
438.8959386,1478.633438
439.0991516,1452.009844
439.3023531,1411.050469
439.505543,1488.873281
439.7087213,1519.592813
439.9118881,1386.474844
440.1150433,1503.209063
440.3181869,1417.194375
440.521319,1449.961875
440.7244395,1445.865938
440.9275483,1474.5375
441.1306456,1497.065156
441.3337314,1388.522813
441.5368055,1447.913906
441.739868,1396.714688
441.942919,1470.441563
442.1459583,1445.865938
442.348986,1515.496875
442.5520022,1437.674063
442.7550067,1456.105781
442.9579996,1472.489531
443.1609809,1449.961875
443.3639506,1470.441563
443.5669087,1419.242344
443.7698552,1427.434219
443.97279,1505.257031
444.1757132,1427.434219
444.3786248,1433.578125
444.5815248,1464.297656
444.7844131,1482.729375
444.9872898,1458.15375
445.1901549,1413.098438
445.3930083,1423.338281
445.5958501,1482.729375
445.7986802,1384.426875
446.0014987,1445.865938
446.2043055,1380.330938
446.4071007,1462.249688
446.6098842,1478.633438
446.8126561,1484.777344
447.0154163,1490.92125
447.2181648,1466.345625
447.4209017,1456.105781
447.6236269,1544.168438
447.8263404,1417.194375
448.0290423,1474.5375
448.2317325,1402.858594
448.434411,1402.858594
448.6370778,1449.961875
448.839733,1361.899219
449.0423764,1519.592813
449.2450082,1531.880625
449.4476282,1468.393594
449.6502366,1413.098438
449.8528333,1402.858594
450.0554183,1501.161094
450.2579916,1447.913906
450.4605531,1482.729375
450.663103,1398.762656
450.8656411,1427.434219
451.0681676,1505.257031
451.2706823,1413.098438
451.4731853,1452.009844
451.6756766,1456.105781
451.8781562,1415.146406
452.080624,1527.784688
452.2830801,1423.338281
452.4855245,1521.640781
452.6879571,1484.777344
452.890378,1392.61875
453.0927872,1460.201719
453.2951846,1503.209063
453.4975703,1495.017188
453.6999443,1404.906563
453.9023064,1435.626094
454.1046569,1433.578125
454.3069955,1454.057813
454.5093225,1480.681406
454.7116376,1486.825313
454.913941,1486.825313
455.1162327,1470.441563
455.3185125,1546.216406
455.5207806,1521.640781
455.7230369,1462.249688
455.9252815,1437.674063
456.1275142,1511.400938
456.3297352,1486.825313
456.5319444,1484.777344
456.7341418,1468.393594
456.9363275,1470.441563
457.1385013,1402.858594
457.3406633,1476.585469
457.5428136,1499.113125
457.744952,1484.777344
457.9470787,1411.050469
458.1491935,1419.242344
458.3512965,1503.209063
458.5533878,1380.330938
458.7554672,1492.969219
458.9575348,1435.626094
459.1595905,1437.674063
459.3616345,1482.729375
459.5636666,1484.777344
459.7656869,1488.873281
459.9676954,1515.496875
460.169692,1409.0025
460.3716769,1466.345625
460.5736498,1429.482188
460.775611,1521.640781
460.9775603,1398.762656
461.1794977,1497.065156
461.3814233,1431.530156
461.5833371,1468.393594
461.785239,1400.810625
461.9871291,1433.578125
462.1890073,1466.345625
462.3908736,1411.050469
462.5927281,1419.242344
462.7945707,1361.899219
462.9964014,1474.5375
463.1982203,1495.017188
463.4000273,1406.954531
463.6018224,1433.578125
463.8036057,1449.961875
464.005377,1513.448906
464.2071365,1427.434219
464.4088841,1363.947188
464.6106198,1456.105781
464.8123436,1523.68875
465.0140556,1452.009844
465.2157556,1404.906563
465.4174437,1458.15375
465.61912,1415.146406
465.8207843,1460.201719
466.0224367,1423.338281
466.2240772,1517.544844
466.4257058,1409.0025
466.6273225,1406.954531
466.8289272,1361.899219
467.0305201,1392.61875
467.232101,1425.38625
467.43367,1478.633438
467.6352271,1411.050469
467.8367722,1449.961875
468.0383054,1464.297656
468.2398267,1480.681406
468.441336,1382.378906
468.6428334,1470.441563
468.8443189,1400.810625
469.0457924,1486.825313
469.247254,1462.249688
469.4487036,1478.633438
469.6501412,1417.194375
469.8515669,1447.913906
470.0529806,1454.057813
470.2543824,1439.722031
470.4557722,1423.338281
470.6571501,1406.954531
470.8585159,1460.201719
471.0598698,1476.585469
471.2612118,1443.817969
471.4625417,1533.928594
471.6638597,1478.633438
471.8651657,1474.5375
472.0664597,1441.77
472.2677417,1409.0025
472.4690117,1406.954531
472.6702698,1443.817969
472.8715158,1484.777344
473.0727498,1492.969219
473.2739719,1392.61875
473.4751819,1476.585469
473.6763799,1488.873281
473.877566,1523.68875
474.07874,1435.626094
474.279902,1433.578125
474.4810519,1499.113125
474.6821899,1425.38625
474.8833158,1495.017188
475.0844298,1509.352969
475.2855316,1390.570781
475.4866215,1529.832656
475.6876993,1468.393594
475.8887651,1478.633438
476.0898189,1433.578125
476.2908606,1466.345625
476.4918902,1486.825313
476.6929079,1499.113125
476.8939135,1406.954531
477.094907,1431.530156
477.2958885,1411.050469
477.4968579,1501.161094
477.6978152,1429.482188
477.8987605,1437.674063
478.0996938,1480.681406
478.3006149,1417.194375
478.501524,1468.393594
478.7024211,1478.633438
478.903306,1415.146406
479.1041789,1531.880625
479.3050397,1501.161094
479.5058884,1478.633438
479.706725,1449.961875
479.9075496,1429.482188
480.108362,1431.530156
480.3091624,1517.544844
480.5099507,1421.290313
480.7107268,1486.825313
480.9114909,1390.570781
481.1122429,1370.091094
481.3129827,1400.810625
481.5137105,1447.913906
481.7144261,1441.77
481.9151297,1458.15375
482.1158211,1464.297656
482.3165004,1411.050469
482.5171676,1458.15375
482.7178226,1509.352969
482.9184655,1421.290313
483.1190963,1472.489531
483.319715,1419.242344
483.5203215,1556.45625
483.7209159,1472.489531
483.9214982,1484.777344
484.1220683,1480.681406
484.3226262,1445.865938
484.5231721,1445.865938
484.7237057,1415.146406
484.9242272,1425.38625
485.1247366,1415.146406
485.3252338,1458.15375
485.5257189,1480.681406
485.7261917,1443.817969
485.9266525,1501.161094
486.127101,1535.976563
486.3275374,1458.15375
486.5279616,1404.906563
486.7283736,1437.674063
486.9287735,1433.578125
487.1291611,1417.194375
487.3295366,1439.722031
487.5298999,1437.674063
487.730251,1400.810625
487.9305899,1503.209063
488.1309167,1486.825313
488.3312312,1490.92125
488.5315335,1376.235
488.7318236,1527.784688
488.9321015,1376.235
489.1323673,1484.777344
489.3326208,1435.626094
489.532862,1482.729375
489.7330911,1441.77
489.933308,1392.61875
490.1335126,1505.257031
490.333705,1380.330938
490.5338852,1439.722031
490.7340532,1501.161094
490.9342089,1468.393594
491.1343524,1458.15375
491.3344836,1421.290313
491.5346026,1458.15375
491.7347094,1423.338281
491.934804,1482.729375
492.1348862,1378.282969
492.3349563,1503.209063
492.5350141,1456.105781
492.7350596,1441.77
492.9350929,1462.249688
493.1351139,1515.496875
493.3351226,1462.249688
493.5351191,1441.77
493.7351033,1423.338281
493.9350753,1505.257031
494.135035,1546.216406
494.3349824,1419.242344
494.5349175,1435.626094
494.7348403,1437.674063
494.9347509,1380.330938
495.1346491,1355.755313
495.3345351,1447.913906
495.5344088,1388.522813
495.7342702,1482.729375
495.9341193,1447.913906
496.1339561,1411.050469
496.3337806,1501.161094
496.5335928,1480.681406
496.7333927,1499.113125
496.9331803,1433.578125
497.1329556,1445.865938
497.3327185,1478.633438
497.5324691,1411.050469
497.7322075,1452.009844
497.9319335,1470.441563
498.1316471,1439.722031
498.3313485,1474.5375
498.5310375,1406.954531
498.7307142,1419.242344
498.9303785,1437.674063
499.1300305,1460.201719
499.3296702,1396.714688
499.5292975,1368.043125
499.7289125,1454.057813
499.9285151,1488.873281
500.1281054,1488.873281
500.3276833,1568.744063
500.5272488,1472.489531
500.726802,1468.393594
500.9263429,1476.585469
501.1258714,1441.77
501.3253875,1443.817969
501.5248912,1452.009844
501.7243826,1445.865938
501.9238616,1419.242344
502.1233282,1384.426875
502.3227824,1466.345625
502.5222243,1456.105781
502.7216537,1437.674063
502.9210708,1490.92125
503.1204755,1439.722031
503.3198678,1464.297656
503.5192477,1484.777344
503.7186152,1470.441563
503.9179703,1447.913906
504.117313,1388.522813
504.3166433,1433.578125
504.5159612,1433.578125
504.7152667,1511.400938
504.9145597,1437.674063
505.1138404,1355.755313
505.3131086,1413.098438
505.5123644,1452.009844
505.7116078,1466.345625
505.9108387,1413.098438
506.1100572,1474.5375
506.3092633,1476.585469
506.508457,1519.592813
506.7076382,1443.817969
506.9068069,1468.393594
507.1059633,1449.961875
507.3051072,1380.330938
507.5042386,1386.474844
507.7033576,1488.873281
507.9024641,1452.009844
508.1015582,1492.969219
508.3006398,1470.441563
508.499709,1415.146406
508.6987656,1478.633438
508.8978099,1482.729375
509.0968416,1472.489531
509.2958609,1409.0025
509.4948677,1470.441563
509.6938621,1439.722031
509.8928439,1519.592813
510.0918133,1499.113125
510.2907702,1406.954531
510.4897146,1398.762656
510.6886465,1460.201719
510.8875659,1429.482188
511.0864728,1515.496875
511.2853673,1478.633438
511.4842492,1509.352969
511.6831186,1388.522813
511.8819755,1413.098438
512.0808199,1499.113125
512.2796518,1458.15375
512.4784712,1484.777344
512.6772781,1474.5375
512.8760724,1480.681406
513.0748543,1447.913906
513.2736236,1560.552188
513.4723803,1542.120469
513.6711246,1464.297656
513.8698563,1517.544844
514.0685755,1470.441563
514.2672821,1437.674063
514.4659762,1550.312344
514.6646578,1474.5375
514.8633268,1505.257031
515.0619833,1480.681406
515.2606272,1476.585469
515.4592586,1449.961875
515.6578774,1470.441563
515.8564836,1425.38625
516.0550773,1425.38625
516.2536585,1433.578125
516.452227,1482.729375
516.650783,1368.043125
516.8493264,1525.736719
517.0478573,1470.441563
517.2463756,1388.522813
517.4448813,1480.681406
517.6433744,1480.681406
517.8418549,1447.913906
518.0403228,1447.913906
518.2387782,1452.009844
518.437221,1478.633438
518.6356511,1466.345625
518.8340687,1447.913906
519.0324737,1402.858594
519.230866,1363.947188
519.4292458,1466.345625
519.627613,1462.249688
519.8259675,1447.913906
520.0243094,1454.057813
520.2226388,1474.5375
520.4209555,1427.434219
520.6192595,1388.522813
520.817551,1464.297656
521.0158298,1507.305
521.214096,1458.15375
521.4123496,1458.15375
521.6105905,1361.899219
521.8088188,1499.113125
522.0070345,1462.249688
522.2052375,1400.810625
522.4034279,1427.434219
522.6016056,1476.585469
522.7997707,1513.448906
522.9979231,1441.77
523.1960629,1470.441563
523.39419,1404.906563
523.5923044,1449.961875
523.7904062,1425.38625
523.9884954,1497.065156
524.1865718,1478.633438
524.3846356,1527.784688
524.5826867,1519.592813
524.7807251,1439.722031
524.9787509,1490.92125
525.176764,1499.113125
525.3747644,1427.434219
525.5727521,1417.194375
525.7707271,1458.15375
525.9686894,1343.4675
526.1666391,1437.674063
526.364576,1441.77
526.5625003,1390.570781
526.7604118,1474.5375
526.9583106,1439.722031
527.1561967,1466.345625
527.3540702,1486.825313
527.5519309,1548.264375
527.7497789,1478.633438
527.9476141,1462.249688
528.1454367,1458.15375
528.3432465,1478.633438
528.5410436,1525.736719
528.738828,1441.77
528.9365996,1474.5375
529.1343585,1374.187031
529.3321047,1429.482188
529.5298382,1404.906563
529.7275589,1544.168438
529.9252668,1466.345625
530.122962,1470.441563
530.3206445,1533.928594
530.5183142,1472.489531
530.7159711,1433.578125
530.9136153,1523.68875
531.1112468,1482.729375
531.3088654,1454.057813
531.5064713,1478.633438
531.7040645,1474.5375
531.9016449,1462.249688
532.0992125,1396.714688
532.2967673,1505.257031
532.4943093,1495.017188
532.6918386,1517.544844
532.8893551,1464.297656
533.0868588,1501.161094
533.2843497,1431.530156
533.4818278,1495.017188
533.6792931,1435.626094
533.8767456,1452.009844
534.0741854,1562.600156
534.2716123,1413.098438
534.4690264,1452.009844
534.6664278,1382.378906
534.8638163,1488.873281
535.061192,1458.15375
535.2585548,1419.242344
535.4559049,1460.201719
535.6532422,1413.098438
535.8505666,1492.969219
536.0478782,1413.098438
536.245177,1488.873281
536.4424629,1433.578125
536.639736,1462.249688
536.8369963,1507.305
537.0342437,1499.113125
537.2314783,1497.065156
537.4287001,1466.345625
537.625909,1515.496875
537.823105,1441.77
538.0202883,1490.92125
538.2174586,1435.626094
538.4146161,1456.105781
538.6117607,1531.880625
538.8088925,1478.633438
539.0060114,1439.722031
539.2031175,1394.666719
539.4002107,1439.722031
539.597291,1472.489531
539.7943584,1503.209063
539.991413,1509.352969
540.1884546,1513.448906
540.3854834,1499.113125
540.5824993,1417.194375
540.7795024,1429.482188
540.9764925,1509.352969
541.1734697,1546.216406
541.3704341,1454.057813
541.5673855,1519.592813
541.7643241,1435.626094
541.9612497,1460.201719
542.1581624,1507.305
542.3550623,1423.338281
542.5519492,1437.674063
542.7488232,1468.393594
542.9456843,1486.825313
543.1425324,1486.825313
543.3393677,1548.264375
543.53619,1507.305
543.7329994,1464.297656
543.9297958,1515.496875
544.1265794,1468.393594
544.32335,1544.168438
544.5201076,1439.722031
544.7168524,1433.578125
544.9135841,1458.15375
545.110303,1548.264375
545.3070089,1511.400938
545.5037018,1466.345625
545.7003818,1439.722031
545.8970488,1443.817969
546.0937029,1460.201719
546.290344,1413.098438
546.4869721,1552.360313
546.6835873,1515.496875
546.8801895,1470.441563
547.0767787,1392.61875
547.273355,1474.5375
547.4699183,1470.441563
547.6664686,1486.825313
547.8630059,1476.585469
548.0595303,1546.216406
548.2560416,1505.257031
548.45254,1439.722031
548.6490254,1478.633438
548.8454977,1441.77
549.0419571,1546.216406
549.2384035,1546.216406
549.4348369,1478.633438
549.6312573,1515.496875
549.8276646,1511.400938
550.024059,1478.633438
550.2204403,1521.640781
550.4168086,1447.913906
550.6131639,1490.92125
550.8095062,1452.009844
551.0058355,1476.585469
551.2021517,1460.201719
551.3984549,1439.722031
551.5947451,1460.201719
551.7910223,1460.201719
551.9872864,1458.15375
552.1835374,1429.482188
552.3797755,1380.330938
552.5760004,1499.113125
552.7722124,1501.161094
552.9684112,1411.050469
553.1645971,1470.441563
553.3607699,1488.873281
553.5569296,1490.92125
553.7530762,1462.249688
553.9492098,1499.113125
554.1453304,1517.544844
554.3414378,1490.92125
554.5375322,1443.817969
554.7336135,1441.77
554.9296818,1378.282969
555.1257369,1488.873281
555.321779,1488.873281
555.517808,1511.400938
555.7138239,1525.736719
555.9098267,1542.120469
556.1058165,1515.496875
556.3017931,1390.570781
556.4977567,1497.065156
556.6937071,1449.961875
556.8896444,1480.681406
557.0855687,1345.515469
557.2814798,1411.050469
557.4773778,1499.113125
557.6732627,1488.873281
557.8691345,1433.578125
558.0649932,1525.736719
558.2608387,1384.426875
558.4566711,1447.913906
558.6524905,1499.113125
558.8482966,1511.400938
559.0440897,1515.496875
559.2398696,1515.496875
559.4356364,1460.201719
559.63139,1449.961875
559.8271305,1406.954531
560.0228578,1482.729375
560.218572,1417.194375
560.4142731,1429.482188
560.609961,1505.257031
560.8056357,1437.674063
561.0012973,1519.592813
561.1969458,1449.961875
561.392581,1554.408281
561.5882031,1421.290313
561.7838121,1464.297656
561.9794078,1497.065156
562.1749904,1505.257031
562.3705598,1478.633438
562.5661161,1515.496875
562.7616591,1490.92125
562.957189,1441.77
563.1527057,1429.482188
563.3482092,1435.626094
563.5436995,1484.777344
563.7391766,1466.345625
563.9346406,1398.762656
564.1300913,1480.681406
564.3255288,1415.146406
564.5209531,1544.168438
564.7163642,1517.544844
564.9117621,1378.282969
565.1071468,1542.120469
565.3025183,1462.249688
565.4978766,1470.441563
565.6932216,1499.113125
565.8885534,1490.92125
566.083872,1513.448906
566.2791774,1462.249688
566.4744695,1456.105781
566.6697484,1519.592813
566.8650141,1466.345625
567.0602665,1507.305
567.2555057,1433.578125
567.4507316,1681.382344
567.6459443,1452.009844
567.8411438,1533.928594
568.03633,1560.552188
568.2315029,1527.784688
568.4266626,1527.784688
568.621809,1503.209063
568.8169422,1382.378906
569.0120621,1476.585469
569.2071687,1396.714688
569.4022621,1490.92125
569.5973422,1495.017188
569.792409,1447.913906
569.9874625,1474.5375
570.1825028,1460.201719
570.3775298,1443.817969
570.5725435,1482.729375
570.7675439,1425.38625
570.962531,1523.68875
571.1575048,1499.113125
571.3524653,1486.825313
571.5474126,1525.736719
571.7423465,1490.92125
571.9372671,1531.880625
572.1321744,1460.201719
572.3270684,1503.209063
572.5219491,1499.113125
572.7168165,1447.913906
572.9116706,1531.880625
573.1065113,1503.209063
573.3013388,1564.648125
573.4961529,1452.009844
573.6909536,1468.393594
573.8857411,1425.38625
574.0805152,1499.113125
574.275276,1437.674063
574.4700234,1515.496875
574.6647575,1435.626094
574.8594783,1501.161094
575.0541857,1486.825313
575.2488798,1421.290313
575.4435605,1521.640781
575.6382278,1535.976563
575.8328818,1482.729375
576.0275225,1513.448906
576.2221498,1523.68875
576.4167637,1546.216406
576.6113642,1527.784688
576.8059514,1464.297656
577.0005252,1492.969219
577.1950857,1503.209063
577.3896327,1501.161094
577.5841664,1523.68875
577.7786867,1531.880625
577.9731937,1443.817969
578.1676872,1474.5375
578.3621673,1495.017188
578.5566341,1529.832656
578.7510874,1527.784688
578.9455274,1531.880625
579.1399539,1531.880625
579.3343671,1376.235
579.5287668,1443.817969
579.7231532,1552.360313
579.9175261,1495.017188
580.1118856,1535.976563
580.3062317,1507.305
580.5005644,1478.633438
580.6948837,1476.585469
580.8891895,1458.15375
581.0834819,1558.504219
581.2777609,1495.017188
581.4720264,1447.913906
581.6662785,1482.729375
581.8605172,1517.544844
582.0547425,1535.976563
582.2489543,1511.400938
582.4431526,1480.681406
582.6373375,1515.496875
582.831509,1478.633438
583.025667,1523.68875
583.2198115,1581.031875
583.4139426,1554.408281
583.6080602,1458.15375
583.8021644,1486.825313
583.9962551,1443.817969
584.1903323,1474.5375
584.3843961,1466.345625
584.5784464,1478.633438
584.7724832,1486.825313
584.9665065,1484.777344
585.1605163,1513.448906
585.3545127,1505.257031
585.5484956,1445.865938
585.742465,1548.264375
585.9364209,1509.352969
586.1303633,1533.928594
586.3242922,1540.0725
586.5182076,1556.45625
586.7121095,1519.592813
586.9059979,1538.024531
587.0998728,1480.681406
587.2937342,1554.408281
587.487582,1472.489531
587.6814164,1511.400938
587.8752372,1511.400938
588.0690445,1531.880625
588.2628383,1486.825313
588.4566186,1591.271719
588.6503853,1429.482188
588.8441385,1544.168438
589.0378782,1517.544844
589.2316043,1503.209063
589.4253169,1527.784688
589.619016,1554.408281
589.8127015,1468.393594
590.0063735,1501.161094
590.2000319,1546.216406
590.3936768,1505.257031
590.5873081,1472.489531
590.7809258,1511.400938
590.97453,1501.161094
591.1681206,1531.880625
591.3616977,1546.216406
591.5552612,1470.441563
591.7488111,1511.400938
591.9423475,1562.600156
592.1358703,1601.511563
592.3293795,1513.448906
592.5228751,1525.736719
592.7163571,1562.600156
592.9098256,1556.45625
593.1032804,1466.345625
593.2967217,1527.784688
593.4901494,1497.065156
593.6835634,1505.257031
593.8769639,1517.544844
594.0703508,1505.257031
594.2637241,1531.880625
594.4570837,1505.257031
594.6504298,1538.024531
594.8437622,1578.983906
595.0370811,1589.22375
595.2303863,1603.559531
595.4236779,1558.504219
595.6169558,1495.017188
595.8102202,1529.832656
596.0034709,1495.017188
596.196708,1490.92125
596.3899315,1550.312344
596.5831413,1521.640781
596.7763374,1564.648125
596.96952,1507.305
597.1626889,1488.873281
597.3558441,1503.209063
597.5489857,1515.496875
597.7421137,1607.655469
597.935228,1513.448906
598.1283286,1511.400938
598.3214156,1564.648125
598.5144889,1540.0725
598.7075486,1527.784688
598.9005945,1521.640781
599.0936269,1583.079844
599.2866455,1599.463594
599.4796505,1540.0725
599.6726418,1540.0725
599.8656194,1503.209063
600.0585833,1562.600156
600.2515335,1521.640781
600.4444701,1566.696094
600.637393,1538.024531
600.8303021,1619.943281
601.0231976,1525.736719
601.2160794,1613.799375
601.4089475,1503.209063
601.6018018,1542.120469
601.7946425,1585.127813
601.9874695,1533.928594
602.1802827,1607.655469
602.3730822,1648.614844
602.565868,1591.271719
602.7586401,1554.408281
602.9513985,1548.264375
603.1441432,1601.511563
603.3368741,1550.312344
603.5295913,1572.84
603.7222947,1578.983906
603.9149844,1585.127813
604.1076604,1556.45625
604.3003227,1564.648125
604.4929712,1597.415625
604.6856059,1572.84
604.8782269,1572.84
605.0708342,1603.559531
605.2634277,1576.935938
605.4560074,1603.559531
605.6485734,1611.751406
605.8411257,1599.463594
606.0336641,1591.271719
606.2261888,1611.751406
606.4186998,1572.84
606.6111969,1630.183125
606.8036803,1585.127813
606.9961499,1581.031875
607.1886057,1634.279063
607.3810478,1597.415625
607.573476,1632.231094
607.7658905,1675.238438
607.9582912,1691.622188
608.1506781,1628.135156
608.3430512,1624.039219
608.5354105,1572.84
608.7277559,1701.862031
608.9200876,1605.6075
609.1124055,1638.375
609.3047096,1671.1425
609.4969999,1685.478281
609.6892763,1732.581563
609.881539,1669.094531
610.0737878,1671.1425
610.2660228,1652.710781
610.4582439,1685.478281
610.6504513,1587.175781
610.8426448,1744.869375
611.0348245,1685.478281
611.2269903,1687.52625
611.4191423,1759.205156
611.6112805,1671.1425
611.8034049,1716.197813
611.9955153,1830.884063
612.187612,1722.341719
612.3796948,1804.260469
612.5717637,1746.917344
612.7638188,1757.157188
612.95586,1769.445
613.1478874,1695.718125
613.3399009,1695.718125
613.5319005,1851.36375
613.7238863,1847.267813
613.9158581,1826.788125
614.1078162,1896.419063
614.2997603,1834.98
614.4916906,1837.027969
614.6836069,1894.371094
614.8755094,1875.939375
615.0673981,1865.699531
615.2592728,1990.625625
615.4511336,1908.706875
615.6429805,1912.802813
615.8348136,1994.721563
616.0266327,1914.850781
616.2184379,2043.872813
616.4102293,1970.145938
616.6020067,2121.695625
616.7937702,2146.27125
616.9855198,2088.928125
617.1772555,2117.599688
617.3689772,2187.230625
617.5606851,2195.4225
617.752379,2160.607031
617.944059,2199.518438
618.1357251,2285.533125
618.3273772,2240.477813
618.5190154,2297.820938
618.7106397,2353.116094
618.90225,2363.355938
619.0938464,2383.835625
619.2854288,2527.193438
619.4769973,2533.337344
619.6685518,2490.33
619.8600924,2613.208125
620.0516191,2686.935
620.2431317,2688.982969
620.4346305,2717.654531
620.6261152,2830.292813
620.817586,2838.484688
621.0090428,2910.163594
621.2004857,2875.348125
621.3919145,3049.425469
621.5833294,3213.262969
621.7747304,3186.639375
621.9661173,3190.735313
622.1574903,3192.783281
622.3488492,3311.565469
622.5401942,3512.266406
622.7315252,3497.930625
622.9228422,3581.897344
623.1141452,3694.535625
623.3054342,3923.908125
623.4967092,3850.18125
623.6879702,3901.380469
623.8792172,4079.55375
624.0704502,4063.17
624.2616691,4308.92625
624.4528741,4351.933594
624.644065,4396.988906
624.8352419,4485.051563
625.0264048,4591.545938
625.2175537,4851.637969
625.4086885,4911.029063
625.5998093,5203.888594
625.7909161,5164.977188
625.9820088,5365.678125
626.1730875,5425.069219
626.3641522,5584.810781
626.5552028,5670.825469
626.7462394,6109.090781
626.9372619,6082.467188
627.1282704,6250.400625
627.3192648,6563.739844
627.5102451,6746.009063
627.7012114,6870.935156
627.8921636,6965.141719
628.0831018,7260.049219
628.2740259,7470.99
628.4649359,7647.115313
628.6558319,7851.912188
628.8467138,8011.65375
629.0375816,8222.594531
629.2284353,8368.000313
629.419275,8873.848594
629.6101005,8935.287656
629.800912,9236.339063
629.9917094,9641.836875
630.1824926,9545.582344
630.3732618,9705.323906
630.5640169,10305.37875
630.7547579,10350.43406
630.9454848,10583.9025
631.1361976,10932.05719
631.3268962,11196.24516
631.5175808,11446.09734
631.7082512,11990.85703
631.8989076,12056.39203
632.0895498,12093.25547
632.2801778,12527.42484
632.4707918,13121.33578
632.6613916,13252.40578
632.8519773,13713.19875
633.0425489,13948.71516
633.2331063,14233.38281
633.4236496,14995.22719
633.6141788,15271.70297
633.8046938,15679.24875
633.9951947,16025.35547
634.1856814,16473.86063
634.3761539,16836.35109
634.5666123,17051.38781
634.7570566,17059.57969
634.9474867,17555.18813
635.1379026,18040.55672
635.3283044,18470.63016
635.518692,18509.54156
635.7090654,18908.89547
635.8994247,19533.52594
636.0897698,19857.105
636.2801007,20346.56953
636.4704174,20477.63953
636.66072,20965.05609
636.8510083,21481.14422
637.0412825,21831.34688
637.2315425,22523.56031
637.4217883,23084.70375
637.6120199,23545.49672
637.8022373,23907.98719
637.9924405,24104.59219
638.1826295,24293.00531
638.3728043,24751.75031
638.5629649,25169.53594
638.7531112,25505.40281
638.9432434,26177.13656
639.1333613,26379.88547
639.323465,26920.54922
639.5135545,27127.39406
639.7036298,27371.10234
639.8936909,27571.80328
640.0837377,28591.69172
640.2737703,28948.03828
640.4637886,29314.62469
640.6537927,29414.97516
640.8437826,29843.00063
641.0337582,29824.56891
641.2237196,30459.43922
641.4136667,30694.95563
641.6035996,31131.17297
641.7935183,31585.82203
641.9834226,31796.76281
642.1733128,32075.28656
642.3631886,32396.81766
642.5530502,32380.43391
642.7428975,32925.19359
642.9327306,33586.6875
643.1225494,33783.2925
643.3123539,33912.31453
643.5021441,34014.71297
643.6919201,34199.03016
643.8816818,34661.87109
644.0714292,34348.53188
644.2611623,34702.83047
644.4508811,34622.95969
644.6405856,34967.01844
644.8302758,35792.34984
645.0199518,35546.59359
645.2096134,36009.43453
645.3992607,36240.855
645.5888938,36799.95047
645.7785125,36388.30875
645.9681169,36384.21281
646.157707,36195.79969
646.3472827,36625.87313
646.5368442,36890.06109
646.7263913,37443.01266
646.9159242,37461.44438
647.1054426,37666.24125
647.2949468,38145.46594
647.4844366,38442.42141
647.6739121,38006.20406
647.8633733,38268.34406
648.0528201,38200.76109
648.2422526,38276.53594
648.4316707,38235.57656
648.6210745,38335.92703
648.8104639,38364.59859
648.999839,38417.84578
649.1891997,38510.00438
649.3785461,38733.23297
649.5678781,38770.09641
649.7571957,38935.98188
649.946499,39431.59031
650.1357879,40070.55656
650.3250624,40019.35734
650.5143226,39316.90406
650.7035684,39265.70484
650.8927998,39785.88891
651.0820168,38997.42094
651.2712195,39660.96281
651.4604077,39777.69703
651.6495816,39839.13609
651.8387411,39562.66031
652.0278862,39499.17328
652.2170169,39585.18797
652.4061331,39634.33922
652.595235,40328.60063
652.7843225,39765.40922
652.9733956,39781.79297
653.1624542,39380.39109
653.3514985,39110.05922
653.5405283,39523.74891
653.7295437,39202.21781
653.9185447,39386.535
654.1075313,38972.84531
654.2965035,39642.53109
654.4854612,39335.33578
654.6744045,38999.46891
654.8633333,39263.65688
655.0522477,39589.28391
655.2411477,39759.26531
655.4300333,39775.64906
655.6189044,39318.95203
655.807761,39103.91531
655.9966032,38673.84188
656.1854309,39056.81203
656.3742442,38471.09297
656.5630431,39271.84875
656.7518274,38895.0225
656.9405974,38507.95641
657.1293528,38694.32156
657.3180938,38534.58
657.5068203,38436.2775
657.6955323,37838.27063
657.8842299,37785.02344
658.072913,37440.96469
658.2615816,37313.99063
658.4502357,37502.40375
658.6388753,37483.97203
658.8275005,37068.23438
659.0161111,37135.81734
659.2047073,36877.77328
659.393289,37627.32984
659.5818561,36726.22359
659.7704088,36924.87656
659.958947,37227.97594
660.1474706,36548.05031
660.3359798,35747.29453
660.5244744,35970.52313
660.7129545,35773.91813
660.9014201,35685.85547
661.0898712,35294.69344
661.2783077,35327.46094
661.4667298,35239.39828
661.6551373,34842.09234
661.8435303,34518.51328
662.0319087,34311.66844
662.2202726,34946.53875
662.408622,34893.29156
662.5969568,35208.67875
662.7852771,34942.44281
662.9735828,35327.46094
663.161874,34772.46141
663.3501506,34332.14813
663.5384127,34250.22938
663.7266602,34270.70906
663.9148932,33961.46578
664.1031116,33828.34781
664.2913155,33580.54359
664.4795047,33398.27438
664.6676794,33043.97578
664.8558396,33138.18234
665.0439851,32841.22688
665.2321161,32347.66641
665.4202325,32484.88031
665.6083343,32773.64391
665.7964216,32792.07563
665.9844942,31954.45641
666.1725523,31919.64094
666.3605957,31989.27188
666.5486246,31739.41969
666.7366389,31778.33109
666.9246385,31827.48234
667.1126236,31419.93656
667.300594,31186.46813
667.4885499,31510.04719
667.6764911,31356.44953
667.8644177,31055.39813
668.0523297,30860.84109
668.2402271,30549.54984
668.4281099,30455.34328
668.615978,30154.29188
668.8038315,30412.33594
668.9916704,30103.09266
669.1794947,30137.90813
669.3673043,29165.12297
669.5550993,29613.62813
669.7428796,29521.46953
669.9306453,29543.99719
670.1183964,29001.28547
670.3061328,29300.28891
670.4938545,29474.36625
670.6815616,29527.61344
670.869254,29144.64328
671.0569318,29017.66922
671.2445949,28966.47
671.4322434,29001.28547
671.6198772,28579.40391
671.8074963,28165.71422
671.9951008,28073.55563
672.1826905,28110.41906
672.3702656,28098.13125
672.5578261,27668.05781
672.7453718,27483.74063
672.9329029,27024.99563
673.1204192,27291.23156
673.3079209,27297.37547
673.4954079,26990.18016
673.6828802,27043.42734
673.8703378,26766.95156
674.0577807,26783.33531
674.2452088,26429.03672
674.4326223,26304.11063
674.6200211,26416.74891
674.8074052,26261.10328
674.9947745,26121.84141
675.1821291,25853.5575
675.3694691,26050.1625
675.5567942,25767.54281
675.7441047,25652.85656
675.9314005,25575.03375
676.1186815,25429.62797
676.3059478,24895.10813
676.4931993,24477.3225
676.6804361,24589.96078
676.8676582,24649.35188
677.0548655,24456.84281
677.2420581,24680.07141
677.4292359,24503.94609
677.616399,23926.41891
677.8035473,23625.3675
677.9906809,23592.6
678.1777997,23393.94703
678.3649038,23338.65188
678.5519931,23094.94359
678.7390676,23443.09828
678.9261274,22972.06547
679.1131724,23142.04688
679.3002026,23107.23141
679.487218,22990.49719
679.6742187,23043.74438
679.8612046,22615.71891
680.0481757,22265.51625
680.235132,22240.94063
680.4220735,22517.41641
680.6090002,21954.225
680.7959122,22392.49031
680.9828093,22298.28375
681.1696917,22206.12516
681.3565592,21788.33953
681.5434119,21687.98906
681.7302498,21786.29156
681.917073,21644.98172
682.1038813,21374.64984
682.2906747,21266.1075
682.4774534,21241.53188
682.6642172,20719.29984
682.8509663,20844.22594
683.0377005,20633.28516
683.2244198,20403.91266
683.4111244,20614.85344
683.5978141,20254.41094
683.7844889,20156.10844
683.971149,20164.30031
684.1577941,19992.27094
684.3444245,19893.96844
684.53104,19826.38547
684.7176406,19640.02031
684.9042264,19341.01688
685.0907974,19449.55922
685.2773534,19091.16469
685.4638947,19064.54109
685.650421,18704.09859
685.8369325,18822.88078
686.0234291,18757.34578
686.2099109,18747.10594
686.3963778,18675.42703
686.5828298,18550.50094
686.7692669,18724.57828
686.9556891,18446.05453
687.1420965,18577.12453
687.328489,18556.64484
687.5148666,18515.68547
687.7012293,18304.74469
687.8875771,18149.09906
688.07391,18097.89984
688.260228,17962.73391
688.4465311,17590.00359
688.6328193,17485.55719
688.8190926,17688.30609
689.005351,17729.26547
689.1915944,17723.12156
689.377823,17434.35797
689.5640366,17194.74563
689.7502354,17225.46516
689.9364192,16910.07797
690.122588,17063.67563
690.308742,16815.87141
690.494881,16729.85672
690.6810051,16537.34766
690.8671142,16547.5875
691.0532084,16269.06375
691.2392877,15992.58797
691.425352,15834.89438
691.6114014,16074.50672
691.7974358,15935.24484
691.9834553,15865.61391
692.1694598,15888.14156
692.3554494,15716.11219
692.541424,15744.78375
692.7273836,15525.65109
692.9133283,15021.85078
693.099258,15347.47781
693.2851727,15339.28594
693.4710725,15111.96141
693.6569573,14958.36375
693.8428271,15208.21594
694.0286819,14792.47828
694.2145218,14849.82141
694.4003467,14821.14984
694.5861565,14735.13516
694.7719514,14610.20906
694.9577313,14632.73672
695.1434962,14509.85859
695.3292461,14599.96922
695.514981,14536.48219
695.7007009,14429.98781
695.8864058,14739.23109
696.0720957,14608.16109
696.2577705,14442.27563
696.4434304,13805.35734
696.6290752,13770.54188
696.814705,13653.80766
697.0003198,13449.01078
697.1859196,13360.94813
697.3715043,13532.9775
697.5570741,13446.96281
697.7426287,13334.32453
697.9281684,13190.96672
698.113693,13215.54234
698.2992026,13152.05531
698.4846971,13051.70484
698.6701766,13074.2325
698.855641,13002.55359
699.0410904,12812.0925
699.2265247,13041.465
699.411944,12709.69406
699.5973482,12697.40625
699.7827373,12656.44688
699.9681114,12617.53547
700.1534704,12662.59078
700.3388144,12382.01906
700.5241432,12341.05969
700.709457,12203.84578
700.8947558,12367.68328
701.0800394,12091.2075
701.265308,11927.37
701.4505615,11999.04891
701.6357998,11945.80172
701.8210231,11814.73172
702.0062314,11894.6025
702.1914245,11530.06406
702.3766025,11675.46984
702.5617654,11642.70234
702.7469132,11605.83891
702.9320459,11382.61031
703.1171635,11575.11938
703.302266,11431.76156
703.4873534,11278.16391
703.6724256,11013.97594
703.8574828,11317.07531
704.0425248,11128.66219
704.2275517,11110.23047
704.4125634,11216.72484
704.5975601,10831.70672
704.7825416,10901.33766
704.9675079,10757.97984
705.1524592,10655.58141
705.3373952,10786.65141
705.5223162,10796.89125
705.707222,10567.51875
705.8921127,10590.04641
706.0769882,10461.02438
706.2618485,10399.58531
706.4466937,10266.46734
706.6315237,10286.94703
706.8163386,10125.1575
707.0011383,10129.25344
707.1859229,10227.55594
707.3706923,9998.183438
707.5554465,10184.54859
707.7401855,9983.847656
707.9249094,10108.77375
708.109618,9914.216719
708.2943115,9871.209375
708.4789899,10043.23875
708.663653,9772.906875
708.8483009,10067.81438
709.0329337,9609.069375
709.2175512,9473.903438
709.4021536,9547.630313
709.5867407,9398.128594
709.7713127,9324.401719
709.9558694,9305.97
710.1404109,9113.460938
710.3249373,9185.139844
710.5094484,9092.98125
710.6939443,9111.412969
710.878425,9090.933281
711.0628904,9191.28375
711.2473407,8879.9925
711.4317757,9047.925938
711.6161954,8830.84125
711.8006,8990.582813
711.9849893,8898.424219
712.1693634,8855.416875
712.3537222,8775.546094
712.5380658,8796.025781
712.7223942,8755.066406
712.9067073,8585.085
713.0910051,8550.269531
713.2752877,8714.107031
713.4595551,8681.339531
713.6438072,8517.502031
713.828044,8376.192188
714.0122656,8425.343438
714.1964719,8175.49125
714.3806629,8396.671875
714.5648387,8376.192188
714.7489991,8265.601875
714.9331444,8277.889688
715.1172743,8171.395313
715.3013889,8028.0375
715.4854883,8236.930313
715.6695724,8060.805
715.8536412,7962.5025
716.0376947,7751.561719
716.2217329,7839.624375
716.4057558,7819.144688
716.5897634,7831.4325
716.7737557,7718.794219
716.9577328,7794.569063
717.1416945,7571.340469
717.3256408,7477.133906
717.5095719,7538.572969
717.6934877,7438.2225
717.8773881,7323.53625
718.0612732,7395.215156
718.245143,7337.872031
718.4289975,7419.790781
718.6128367,7335.824063
718.7966605,7319.440313
718.980469,7174.034531
719.1642621,7231.377656
719.3480399,7174.034531
719.5318024,7055.252344
719.7155495,6895.510781
719.8992813,7135.123125
720.0829977,6987.669375
720.2666988,6813.592031
720.4503845,6883.222969
720.6340549,6881.175
720.8177099,6877.079063
721.0013495,6756.248906
721.1849738,6862.743281
721.3685827,6844.311563
721.5521762,6639.514688
721.7357544,6700.95375
721.9193172,6709.145625
722.1028646,6555.547969
722.2863966,6514.588594
722.4699133,6619.035
722.6534146,6461.341406
722.8369004,6553.5
723.0203709,6420.382031
723.203826,6414.238125
723.3872657,6320.031563
723.57069,6410.142188
723.7540989,6328.223438
723.9374924,6264.736406
724.1208705,6238.112813
724.3042332,6207.393281
724.4875804,6449.053594
724.6709123,6309.791719
724.8542287,6168.481875
725.0375297,6240.160781
725.2208153,6154.146094
725.4040855,6008.740313
725.5873402,6125.474531
725.7705795,5851.046719
725.9538034,5973.924844
726.1370118,5918.629688
726.3202048,5937.061406
726.5033824,5949.349219
726.6865445,5943.205313
726.8696912,5978.020781
727.0528224,5722.024688
727.2359382,5687.209219
727.4190385,5777.319844
727.6021233,5654.441719
727.7851927,5769.127969
727.9682467,5556.139219
728.1512851,5615.530313
728.3343082,5480.364375
728.5173157,5679.017344
728.7003078,5595.050625
728.8832844,5584.810781
729.0662455,5380.013906
729.2491911,5576.618906
729.4321213,5435.309063
729.6150359,5611.434375
729.7979351,5408.685469
729.9808188,5394.349688
730.163687,5423.02125
730.3465397,5314.478906
730.5293769,5384.109844
730.7121986,5291.95125
730.8950048,5230.512188
731.0777955,5222.320313
731.2605707,5224.368281
731.4433303,5189.552813
731.6260745,5201.840625
731.8088031,5201.840625
731.9915163,5126.065781
732.1742139,5083.058438
732.3568959,5113.777969
732.5395625,5201.840625
732.7222135,5081.010469
732.904849,5025.715313
733.087469,5148.593438
733.2700734,5093.298281
733.4526622,4978.612031
733.6352356,5027.763281
733.8177934,4851.637969
734.0003356,4841.398125
734.1828623,4861.877813
734.3653734,4800.43875
734.547869,4884.405469
734.730349,4927.412813
734.9128135,4691.896406
735.0952624,4777.911094
735.2776957,4710.328125
735.4601135,4802.486719
735.6425157,4695.992344
735.8249023,4718.52
736.0072733,4716.472031
736.1896288,4489.1475
736.3719687,4687.800469
736.554293,4675.512656
736.7366017,4591.545938
736.9188948,4505.53125
737.1011723,4577.210156
737.2834342,4401.084844
737.4656806,4474.811719
737.6479113,4409.276719
737.8301264,4329.405938
738.0123259,4386.749063
738.1945099,4401.084844
738.3766782,4454.332031
738.5588309,4468.667813
738.7409679,4335.549844
738.9230894,4345.789688
739.1051952,4306.878281
739.2872854,4507.579219
739.46936,4200.383906
739.651419,4401.084844
739.8334623,4403.132813
740.01549,4313.022188
740.197502,4210.62375
740.3794985,4351.933594
740.5614792,4247.487188
740.7434443,4206.527813
740.9253938,4261.822969
741.1073277,4251.583125
741.2892458,4163.520469
741.4711484,4304.830313
741.6530352,4054.978125
741.8349064,4200.383906
742.016762,4108.225313
742.1986018,4059.074063
742.380426,4034.498438
742.5622346,4034.498438
742.7440274,4132.800938
742.9258046,3868.612969
743.1075661,4054.978125
743.289312,3880.900781
743.4710421,3923.908125
743.6527566,3962.819531
743.8344553,3925.956094
744.0161384,3880.900781
744.1978058,3854.277188
744.3794575,3770.310469
744.5610934,3760.070625
744.7427137,3848.133281
744.9243183,3801.03
745.1059072,3755.974688
745.2874803,3813.317813
745.4690378,3696.583594
745.6505795,3868.612969
745.8321055,3880.900781
746.0136158,3848.133281
746.1951104,3715.015313
746.3765892,3637.1925
746.5580523,3727.303125
746.7394997,3567.561563
746.9209314,3688.391719
747.1023473,3594.185156
747.2837475,3483.594844
747.4651319,3514.314375
747.6465006,3563.465625
747.8278535,3635.144531
748.0091907,3545.033906
748.1905122,3588.04125
748.3718178,3438.539531
748.5531078,3538.89
748.7343819,3418.059844
748.9156403,3416.011875
749.096883,3436.491563
749.2781099,3456.97125
749.459321,3348.428906
749.6405163,3497.930625
749.8216958,3420.107813
750.0028596,3481.546875
750.1840076,3411.915938
750.3651398,3395.532188
750.5462563,3493.834688
750.7273569,3428.299688
750.9084417,3387.340313
751.0895108,3483.594844
751.2705641,3411.915938
751.4516015,3497.930625
751.6326232,3485.642813
751.813629,3334.093125
751.9946191,3364.812656
752.1755933,3321.805313
752.3565517,3342.285
752.5374943,3211.215
752.7184211,3334.093125
752.8993321,3340.237031
753.0802272,3215.310938
753.2611066,3256.270313
753.4419701,3323.853281
753.6228177,3235.790625
753.8036496,3182.543438
753.9844656,3231.694688
754.1652657,3200.975156
754.34605,3274.702031
754.5268185,3346.380938
754.7075711,3282.893906
754.8883079,3086.288906
755.0690288,3241.934531
755.2497339,3323.853281
755.4304231,3149.775938
755.6110965,3133.392188
755.791754,3239.886563
755.9723956,3162.06375
756.1530214,3280.845938
756.3336313,3229.646719
756.5142253,3176.399531
756.6948034,3248.078438
756.8753657,3162.06375
757.0559121,3205.071094
757.2364426,3227.59875
757.4169572,3252.174375
757.597456,3313.613438
757.7779388,3254.222344
757.9584058,3229.646719
758.1388568,3289.037813
758.319292,3129.29625
758.4997112,3190.735313
758.6801146,3225.550781
758.860502,3274.702031
759.0408736,3127.248281
759.2212292,3389.388281
759.4015689,3239.886563
759.5818927,3209.167031
759.7622006,3153.871875
759.9424925,3207.119063
760.1227685,3231.694688
760.3030286,3305.421563
760.4832728,3071.953125
760.663501,3180.495469
760.8437133,3117.008438
761.0239097,3065.809219
761.2040901,3106.768594
761.3842546,3231.694688
761.5644031,3243.9825
761.7445357,3110.864531
761.9246524,3129.29625
762.1047531,3139.536094
762.2848378,3166.159688
762.4649065,3033.041719
762.6449594,3106.768594
762.8249962,3065.809219
763.0050171,3076.049063
763.185022,3012.562031
763.3650109,3065.809219
763.5449839,3100.624688
763.7249409,3084.240938
763.9048819,3084.240938
764.0848069,3090.384844
764.2647159,3071.953125
764.444609,3049.425469
764.624486,3012.562031
764.8043471,2930.643281
764.9841922,3043.281563
765.1640213,3022.801875
765.3438343,2957.266875
765.5236314,2850.7725
765.7034125,3018.705938
765.8831775,2879.444063
766.0629266,2987.986406
766.2426596,2904.019688
766.4223766,2979.794531
766.6020776,2877.396094
766.7817626,2924.499375
766.9614316,2871.252188
767.1410845,2893.779844
767.3207214,2861.012344
767.5003422,2899.92375
767.6799471,2869.204219
767.8595359,2906.067656
768.0391086,2975.698594
768.2186653,2828.244844
768.398206,2951.122969
768.5777306,2779.093594
768.7572392,2949.075
768.9367317,2781.141563
769.1162082,2842.580625
769.2956686,2760.661875
769.4751129,2822.100938
769.6545412,2684.887031
769.8339534,2783.189531
770.0133495,2678.743125
770.1927296,2650.071563
770.3720936,2686.935
770.5514415,2736.08625
770.7307734,2654.1675
770.9100891,2645.975625
771.0893888,2715.606563
771.2686724,2537.433281
771.4479399,2684.887031
771.6271913,2617.304063
771.8064266,2629.591875
771.9856459,2648.023594
772.164849,2580.440625
772.344036,2607.064219
772.5232069,2605.01625
772.7023617,2654.1675
772.8815004,2600.920313
773.060623,2672.599219
773.2397294,2666.455313
773.4188198,2639.831719
773.597894,2574.296719
773.7769521,2488.282031
773.9559941,2473.94625
774.1350199,2492.377969
774.3140296,2459.610469
774.4930232,2449.370625
774.6720007,2566.104844
774.850962,2453.466563
775.0299071,2519.001563
775.2088362,2416.603125
775.387749,2457.5625
775.5666458,2432.986875
775.7455263,2553.817031
775.9243907,2406.363281
776.103239,2453.466563
776.2820711,2451.418594
776.460887,2418.651094
776.6396868,2359.26
776.8184704,2355.164063
776.9972378,2363.355938
777.1759891,2447.322656
777.3547242,2301.916875
777.5334431,2314.204688
777.7121458,2322.396563
777.8908324,2379.739688
778.0695027,2295.772969
778.2481569,2248.669688
778.4267948,2344.924219
778.6054166,2365.403906
778.7840222,2363.355938
778.9626116,2324.444531
779.1411848,2254.813594
779.3197418,2326.4925
779.4982825,2314.204688
779.6768071,2240.477813
779.8553154,2246.621719
780.0338076,2150.367188
780.2122835,2236.381875
780.3907432,2228.19
780.5691866,2197.470469
780.7476139,2203.614375
780.9260249,2314.204688
781.1044197,2263.005469
781.2827983,2279.389219
781.4611606,2244.57375
781.6395067,2150.367188
781.8178365,2181.086719
781.9961501,2179.03875
782.1744474,2207.710313
782.3527285,2263.005469
782.5309934,2142.175313
782.709242,2095.072031
782.8874743,2164.702969
783.0656904,2101.215938
783.2438902,2191.326563
783.4220738,2095.072031
783.600241,2193.374531
783.7783921,2105.311875
783.9565268,2142.175313
784.1346453,2045.920781
784.3127475,2131.935469
784.4908334,2162.655
784.668903,2093.024063
784.8469563,2062.304531
785.0249934,2090.976094
785.2030141,2043.872813
785.3810186,2062.304531
785.5590068,2111.455781
785.7369787,2148.319219
785.9149342,2117.599688
786.0928735,2097.12
786.2707965,1986.529688
786.4487031,2033.632969
786.6265934,1992.673594
786.8044675,2052.064688
786.9823252,1941.474375
787.1601666,2007.009375
787.3379916,2107.359844
787.5158004,1976.289844
787.6935928,2033.632969
787.8713689,1939.426406
788.0491286,1990.625625
788.226872,2033.632969
788.4045991,2027.489063
788.5823099,2035.680938
788.7600042,1986.529688
788.9376823,1951.714219
789.115344,1976.289844
789.2929893,2009.057344
789.4706183,1970.145938
789.648231,1986.529688
789.8258273,1937.378438
790.0034072,1929.186563
790.1809707,1953.762188
790.3585179,1966.05
790.5360487,1976.289844
790.7135632,1968.097969
790.8910613,1968.097969
791.068543,2021.345156
791.2460083,1902.562969
791.4234572,1984.481719
791.6008898,1916.89875
791.7783059,2000.865469
791.9557057,1918.946719
792.1330891,1970.145938
792.310456,1929.186563
792.4878066,1859.555625
792.6651408,1931.234531
792.8424586,1896.419063
793.01976,1894.371094
793.1970449,1896.419063
793.3743135,1972.193906
793.5515656,1855.459688
793.7288013,1877.987344
793.9060206,1966.05
794.0832235,1888.227188
794.26041,1912.802813
794.43758,1837.027969
794.6147336,1892.323125
794.7918708,1947.618281
794.9689915,1890.275156
795.1460958,1757.157188
795.3231837,1839.075938
795.5002551,1837.027969
795.6773101,1787.876719
795.8543486,1904.610938
796.0313707,1896.419063
796.2083763,1855.459688
796.3853654,1845.219844
796.5623382,1816.548281
796.7392944,1818.59625
796.9162342,1845.219844
797.0931575,1834.98
797.2700643,1820.644219
797.4469547,1914.850781
797.6238286,1818.59625
797.800686,1828.836094
797.977527,1785.82875
798.1543514,1781.732813
798.3311594,1859.555625
798.5079509,1818.59625
798.6847259,1933.2825
798.8614844,1802.2125
799.0382264,1863.651563
799.214952,1822.692188
799.391661,1863.651563
799.5683535,1923.042656
799.7450295,1742.821406
799.921689,1753.06125
800.098332,1818.59625
800.2749585,1777.636875
800.4515684,1771.492969
800.6281619,1834.98
800.8047388,1857.507656
800.9812992,1718.245781
801.1578431,1828.836094
801.3343704,1779.684844
801.5108812,1847.267813
801.6873755,1849.315781
801.8638532,1830.884063
802.0403144,1773.540938
802.2167591,1771.492969
802.3931872,1841.123906
802.5695988,1740.773438
802.7459938,1779.684844
802.9223723,1759.205156
803.0987342,1783.780781
803.2750795,1742.821406
803.4514083,1701.862031
803.6277206,1710.053906
803.8040162,1773.540938
803.9802953,1787.876719
804.1565578,1712.101875
804.3328038,1769.445
804.5090332,1781.732813
804.685246,1746.917344
804.8614422,1751.013281
805.0376218,1697.766094
805.2137849,1810.404375
805.3899313,1681.382344
805.5660612,1753.06125
805.7421744,1732.581563
805.9182711,1703.91
806.0943512,1744.869375
806.2704147,1742.821406
806.4464615,1675.238438
806.6224918,1699.814063
806.7985054,1687.52625
806.9745025,1724.389688
807.1504829,1679.334375
807.3264467,1699.814063
807.5023939,1755.109219
807.6783245,1732.581563
807.8542384,1769.445
808.0301357,1697.766094
808.2060164,1656.806719
808.3818804,1691.622188
808.5577278,1669.094531
808.7335586,1664.998594
808.9093727,1740.773438
809.0851702,1705.957969
809.260951,1781.732813
809.4367152,1671.1425
809.6124627,1660.902656
809.7881936,1687.52625
809.9639079,1748.965313
810.1396054,1697.766094
810.3152863,1695.718125
810.4909506,1708.005938
810.6665981,1679.334375
810.842229,1730.533594
811.0178432,1624.039219
811.1934408,1703.91
811.3690217,1675.238438
811.5445859,1701.862031
811.7201334,1652.710781
811.8956642,1712.101875
812.0711783,1683.430313
812.2466758,1710.053906
812.4221565,1705.957969
812.5976206,1683.430313
812.7730679,1677.286406
812.9484986,1630.183125
813.1239125,1589.22375
813.2993098,1679.334375
813.4746903,1570.792031
813.6500541,1605.6075
813.8254012,1671.1425
814.0007316,1675.238438
814.1760453,1652.710781
814.3513422,1667.046563
814.5266224,1650.662813
814.7018859,1673.190469
814.8771327,1675.238438
815.0523627,1646.566875
815.227576,1599.463594
815.4027726,1687.52625
815.5779524,1613.799375
815.7531155,1656.806719
815.9282618,1664.998594
816.1033914,1617.895313
816.2785042,1654.75875
816.4536003,1691.622188
816.6286796,1699.814063
816.8037421,1703.91
816.9787879,1587.175781
817.153817,1613.799375
817.3288292,1597.415625
817.5038247,1609.703438
817.6788034,1599.463594
817.8537654,1619.943281
818.0287106,1599.463594
818.2036389,1628.135156
818.3785506,1540.0725
818.5534454,1572.84
818.7283234,1585.127813
818.9031847,1695.718125
819.0780291,1556.45625
819.2528568,1585.127813
819.4276676,1634.279063
819.6024617,1624.039219
819.7772389,1697.766094
819.9519994,1593.319688
820.126743,1564.648125
820.3014698,1675.238438
820.4761798,1605.6075
820.650873,1630.183125
820.8255494,1544.168438
821.000209,1693.670156
821.1748517,1544.168438
821.3494776,1585.127813
821.5240867,1558.504219
821.6986789,1626.087188
821.8732543,1572.84
822.0478129,1664.998594
822.2223546,1630.183125
822.3968795,1587.175781
822.5713875,1601.511563
822.7458787,1654.75875
822.9203531,1630.183125
823.0948105,1648.614844
823.2692512,1599.463594
823.4436749,1624.039219
823.6180819,1642.470938
823.7924719,1642.470938
823.9668451,1560.552188
824.1412014,1595.367656
824.3155408,1628.135156
824.4898634,1570.792031
824.6641691,1603.559531
824.8384579,1607.655469
825.0127298,1595.367656
825.1869849,1667.046563
825.361223,1550.312344
825.5354443,1611.751406
825.7096487,1597.415625
825.8838362,1570.792031
826.0580067,1605.6075
826.2321604,1646.566875
826.4062972,1560.552188
826.5804171,1628.135156
826.75452,1609.703438
826.9286061,1554.408281
827.1026752,1585.127813
827.2767274,1638.375
827.4507628,1564.648125
827.6247811,1617.895313
827.7987826,1552.360313
827.9727671,1597.415625
828.1467347,1525.736719
828.3206854,1589.22375
828.4946191,1578.983906
828.6685359,1597.415625
828.8424358,1501.161094
829.0163187,1568.744063
829.1901847,1568.744063
829.3640337,1576.935938
829.5378658,1566.696094
829.7116809,1574.887969
829.8854791,1554.408281
830.0592603,1533.928594
830.2330246,1560.552188
830.4067719,1529.832656
830.5805022,1568.744063
830.7542155,1589.22375
830.9279119,1597.415625
831.1015913,1566.696094
831.2752537,1658.854688
831.4488992,1568.744063
831.6225277,1673.190469
831.7961392,1593.319688
831.9697337,1509.352969
832.1433112,1585.127813
832.3168717,1562.600156
832.4904152,1523.68875
832.6639418,1578.983906
832.8374513,1566.696094
833.0109438,1609.703438
833.1844193,1552.360313
833.3578778,1603.559531
833.5313193,1585.127813
833.7047438,1554.408281
833.8781513,1517.544844
834.0515418,1507.305
834.2249152,1552.360313
834.3982716,1523.68875
834.571611,1572.84
834.7449334,1449.961875
834.9182387,1603.559531
835.091527,1642.470938
835.2647982,1568.744063
835.4380525,1632.231094
835.6112896,1621.99125
835.7845098,1517.544844
835.9577129,1531.880625
836.1308989,1519.592813
836.3040679,1484.777344
836.4772198,1603.559531
836.6503547,1492.969219
836.8234725,1531.880625
836.9965732,1546.216406
837.1696569,1593.319688
837.3427236,1546.216406
837.5157731,1540.0725
837.6888056,1531.880625
837.861821,1529.832656
838.0348193,1562.600156
838.2078005,1497.065156
838.3807647,1572.84
838.5537118,1568.744063
838.7266417,1560.552188
838.8995546,1535.976563
839.0724504,1556.45625
839.2453291,1513.448906
839.4181907,1482.729375
839.5910352,1552.360313
839.7638626,1548.264375
839.9366729,1578.983906
840.1094661,1562.600156
840.2822421,1552.360313
840.4550011,1474.5375
840.6277429,1525.736719
840.8004676,1531.880625
840.9731752,1581.031875
841.1458657,1505.257031
841.318539,1488.873281
841.4911952,1566.696094
841.6638343,1511.400938
841.8364562,1556.45625
842.009061,1464.297656
842.1816487,1570.792031
842.3542192,1499.113125
842.5267726,1476.585469
842.6993088,1482.729375
842.8718279,1544.168438
843.0443298,1583.079844
843.2168145,1550.312344
843.3892821,1476.585469
843.5617326,1552.360313
843.7341658,1552.360313
843.9065819,1499.113125
844.0789809,1542.120469
844.2513626,1523.68875
844.4237272,1521.640781
844.5960746,1585.127813
844.7684049,1562.600156
844.9407179,1538.024531
845.1130138,1544.168438
845.2852924,1511.400938
845.4575539,1513.448906
845.6297982,1501.161094
845.8020253,1476.585469
845.9742352,1531.880625
846.1464279,1411.050469
846.3186034,1527.784688
846.4907616,1527.784688
846.6629027,1558.504219
846.8350266,1492.969219
847.0071332,1503.209063
847.1792227,1490.92125
847.3512949,1535.976563
847.5233499,1523.68875
847.6953876,1546.216406
847.8674082,1497.065156
848.0394115,1521.640781
848.2113975,1464.297656
848.3833664,1513.448906
848.555318,1544.168438
848.7272523,1626.087188
848.8991695,1505.257031
849.0710693,1521.640781
849.242952,1499.113125
849.4148173,1509.352969
849.5866654,1470.441563
849.7584963,1546.216406
849.9303099,1517.544844
850.1021063,1521.640781
850.2738853,1400.810625
850.4456471,1525.736719
850.6173917,1468.393594
850.789119,1576.935938
850.960829,1525.736719
851.1325217,1441.77
851.3041971,1548.264375
851.4758553,1585.127813
851.6474962,1593.319688
851.8191197,1468.393594
851.990726,1515.496875
852.162315,1560.552188
852.3338867,1525.736719
852.5054412,1495.017188
852.6769783,1544.168438
852.8484981,1558.504219
853.0200006,1468.393594
853.1914858,1490.92125
853.3629536,1480.681406
853.5344042,1546.216406
853.7058375,1507.305
853.8772534,1527.784688
854.048652,1507.305
854.2200333,1492.969219
854.3913972,1488.873281
854.5627439,1535.976563
854.7340732,1517.544844
854.9053851,1529.832656
855.0766798,1441.77
855.247957,1507.305
855.419217,1464.297656
855.5904596,1437.674063
855.7616848,1468.393594
855.9328927,1495.017188
856.1040833,1499.113125
856.2752565,1552.360313
856.4464123,1392.61875
856.6175508,1523.68875
856.7886719,1482.729375
856.9597756,1503.209063
857.130862,1466.345625
857.301931,1501.161094
857.4729826,1480.681406
857.6440169,1398.762656
857.8150338,1499.113125
857.9860333,1535.976563
858.1570154,1570.792031
858.3279801,1546.216406
858.4989274,1507.305
858.6698574,1480.681406
858.8407699,1515.496875
859.0116651,1513.448906
859.1825428,1486.825313
859.3534032,1511.400938
859.5242461,1439.722031
859.6950716,1509.352969
859.8658798,1503.209063
860.0366705,1472.489531
860.2074438,1429.482188
860.3781996,1468.393594
860.5489381,1548.264375
860.7196591,1445.865938
860.8903627,1464.297656
861.0610489,1511.400938
861.2317176,1466.345625
861.402369,1474.5375
861.5730028,1466.345625
861.7436193,1503.209063
861.9142183,1533.928594
862.0847998,1503.209063
862.2553639,1486.825313
862.4259106,1533.928594
862.5964398,1509.352969
862.7669515,1443.817969
862.9374458,1509.352969
863.1079226,1482.729375
863.278382,1503.209063
863.4488239,1492.969219
863.6192483,1556.45625
863.7896553,1452.009844
863.9600448,1474.5375
864.1304168,1527.784688
864.3007713,1509.352969
864.4711083,1402.858594
864.6414279,1433.578125
864.81173,1454.057813
864.9820146,1437.674063
865.1522817,1499.113125
865.3225313,1556.45625
865.4927634,1495.017188
865.662978,1472.489531
865.8331751,1443.817969
866.0033547,1449.961875
866.1735168,1476.585469
866.3436614,1513.448906
866.5137885,1425.38625
866.683898,1531.880625
866.8539901,1400.810625
867.0240646,1456.105781
867.1941216,1439.722031
867.3641611,1466.345625
867.534183,1425.38625
867.7041874,1488.873281
867.8741743,1492.969219
868.0441437,1521.640781
868.2140955,1443.817969
868.3840297,1492.969219
868.5539464,1499.113125
868.7238456,1425.38625
868.8937272,1474.5375
869.0635913,1462.249688
869.2334378,1488.873281
869.4032668,1501.161094
869.5730782,1495.017188
869.742872,1435.626094
869.9126483,1501.161094
870.082407,1382.378906
870.2521482,1437.674063
870.4218717,1509.352969
870.5915777,1495.017188
870.7612661,1488.873281
870.930937,1433.578125
871.1005902,1484.777344
871.2702259,1495.017188
871.4398439,1466.345625
871.6094444,1540.0725
871.7790273,1546.216406
871.9485926,1472.489531
872.1181403,1466.345625
872.2876704,1470.441563
872.4571829,1404.906563
872.6266778,1429.482188
872.796155,1406.954531
872.9656147,1527.784688
873.1350568,1433.578125
873.3044812,1460.201719
873.473888,1484.777344
873.6432772,1488.873281
873.8126487,1478.633438
873.9820027,1427.434219
874.151339,1388.522813
874.3206577,1468.393594
874.4899587,1505.257031
874.6592421,1480.681406
874.8285079,1462.249688
874.997756,1419.242344
875.1669864,1497.065156
875.3361993,1492.969219
875.5053944,1462.249688
875.6745719,1460.201719
875.8437318,1499.113125
876.012874,1511.400938
876.1819985,1486.825313
876.3511054,1556.45625
876.5201946,1462.249688
876.6892662,1476.585469
876.85832,1466.345625
877.0273562,1423.338281
877.1963747,1431.530156
877.3653756,1495.017188
877.5343587,1404.906563
877.7033242,1499.113125
877.872272,1462.249688
878.0412021,1447.913906
878.2101145,1484.777344
878.3790092,1488.873281
878.5478862,1431.530156
878.7167455,1472.489531
878.8855871,1456.105781
879.0544109,1499.113125
879.2232171,1452.009844
879.3920056,1478.633438
879.5607764,1433.578125
879.7295294,1527.784688
879.8982647,1519.592813
880.0669823,1443.817969
880.2356822,1462.249688
880.4043644,1507.305
880.5730288,1482.729375
880.7416755,1468.393594
880.9103044,1449.961875
881.0789156,1484.777344
881.2475091,1466.345625
881.4160848,1531.880625
881.5846428,1454.057813
881.7531831,1513.448906
881.9217056,1441.77
882.0902103,1460.201719
882.2586973,1478.633438
882.4271665,1484.777344
882.5956179,1433.578125
882.7640516,1503.209063
882.9324676,1480.681406
883.1008657,1495.017188
883.2692461,1456.105781
883.4376087,1464.297656
883.6059536,1490.92125
883.7742806,1527.784688
883.9425899,1441.77
884.1108814,1464.297656
884.2791551,1466.345625
884.447411,1523.68875
884.6156492,1396.714688
884.7838695,1468.393594
884.952072,1511.400938
885.1202568,1523.68875
885.2884237,1445.865938
885.4565728,1388.522813
885.6247041,1486.825313
885.7928176,1464.297656
885.9609133,1495.017188
886.1289912,1521.640781
886.2970513,1462.249688
886.4650935,1474.5375
886.6331179,1423.338281
886.8011245,1490.92125
886.9691132,1527.784688
887.1370842,1521.640781
887.3050373,1439.722031
887.4729725,1492.969219
887.6408899,1492.969219
887.8087895,1505.257031
887.9766712,1492.969219
888.1445351,1433.578125
888.3123811,1452.009844
